Station ID,Station Name,Tier,Sponsor,Installation Date,Data Quality Review Date,Latitude(N),Longitude(W),Station Elevation (ft),County,State,Air Temperature Probe,Second (additional) Air Temperature Probe,Relative Humidity Probe,Rainfall Sensor,Second (additional) Rainfall Sensor,Wind Speed Sensor,Wind Direction Sensor,Leaf Wetness Sensor,Pyranometer,Soil Temperature Probe at 2 inch depth,Soil Temperature Probe at 8 inch depth,Soil Moisture Probe at 8 inch depth,Soil WP Probe at 2 inch depth,Soil WP Probe at 8 inch depth,Barometric Pressure Sensor,Station Zone,Soil Series,Soil Texture
100000,Dallesport,Tier 1,Western Ag Improvement,4/4/2019,4/4/2019,45.63,121.13,220,Klickitat,WA,Y,Y,Y,Y,N,Y,Y,N,Y,Y,Y,Y,N,N,Y,1,Ewall Loamy Sand,
100011,08CF15*,Tier 3,Ste Michelle Wine Estates,6/3/2019,6/3/2019,46.58,119.8,1105,Yakima,WA,Y,N,Y,Y,N,Y,Y,N,Y,N,N,N,N,N,Y,5,Warden silt loam,
100012,10SB04*,Tier 3,Ste Michelle Wine Estates,8/1/2019,8/1/2019,45.95,119.61,534,Benton,WA,Y,N,Y,Y,N,Y,Y,N,Y,N,N,N,N,N,Y,5,Quincy loamy sand,
100014,Brewster.S,Tier 2,WSU AgWeatherNet,10/16/2019,10/16/2019,48.06,119.86,787,Douglas,WA,Y,N,Y,Y,N,Y,Y,Y,Y,N,Y,N,N,Y,Y,2,Pogue cobbly fine sandy loam,
100015,Havillah,Tier 2,WSU AgWeatherNet,10/16/2019,10/16/2019,48.8,119.26,3447,Okanogan,WA,Y,N,Y,Y,N,Y,Y,Y,Y,N,Y,N,N,Y,Y,2,Koepke ashy silt loam,
100016,Ellisforde,Tier 2,WSU AgWeatherNet,10/16/2019,10/16/2019,48.79,119.4,946.52,Okanogan,WA,Y,N,Y,Y,N,Y,Y,Y,Y,N,Y,N,N,Y,Y,2,Cashmont sandy loam,
100017,Crane,Tier 2,WSU AgWeatherNet,10/16/2019,10/16/2019,48.07,119.8,1700,Douglas,WA,Y,N,Y,Y,N,Y,Y,Y,Y,N,Y,N,N,Y,Y,2,Wellsdam ashy fine sandy loam,
100019,Loomis.Grd,Tier 2,WSU AgWeatherNet,10/18/2019,10/18/2019,48.78,119.43,1186,Okanogan,WA,Y,N,Y,Y,N,Y,Y,Y,Y,N,Y,N,N,Y,Y,2,Pogue gravelly fine sandy loam,
100021,Teske,Tier 1,WSU AgWeatherNet,10/29/2019,10/30/2019,47.05,118.08,1740,Adams,WA,Y,Y,Y,Y,Y,Y,N,N,Y,Y,Y,N,Y,Y,N,3,Benge Gravelly Silt Loam,"Sand:37%, Silt:57%, Clay:6%"
100022,Pomeroy.E,Tier 2,WSU AgWeatherNet,11/14/2019,11/14/2019,46.51,117.34,2760,Garfield,WA,Y,N,Y,Y,N,Y,Y,N,Y,N,Y,N,N,Y,Y,3,Athena-Lance silt loams,
100023,Ferndale,Tier 2,Whatcom Conservation District,10/30/2019,10/31/2019,48.82,122.6,13,Whatcom,WA,Y,N,Y,Y,N,Y,Y,N,Y,Y,Y,N,Y,Y,Y,2,Eliza Silt Loam,"Sand: 27%, Silt: 54%, Clay: 19%"
100024,Van.Zandt,Tier 2,Whatcom Conservation District,10/31/2019,11/1/2019,48.76,122.2,249,Whatcom,WA,Y,N,Y,Y,N,Y,Y,N,Y,Y,Y,N,Y,Y,Y,2,Oridia Silt Loam,"Sand: 14%, Silt: 73%, Clay: 13%"
100025,Pasco.NW,Tier 1,WSU AgWeatherNet,4/16/2008,4/16/2008,46.38,119.25,830,Franklin,WA,Y,Y,Y,Y,N,Y,Y,Y,Y,Y,Y,Y,N,N,Y,4,Ottmar Silt Loam,
100026,Lynden.NE,Tier 2,Whatcom Conservation District,11/1/2019,11/1/2019,48.99,122.37,144,Whatcom,WA,Y,N,Y,Y,N,Y,Y,N,Y,Y,Y,N,Y,Y,Y,2,Pangborn Muck,
100027,Lynden.N,Tier 2,Whatcom Conservation District,11/1/2019,11/1/2019,48.98,122.43,125,Whatcom,WA,Y,N,Y,Y,N,Y,Y,N,Y,Y,Y,N,Y,Y,Y,2,Shalcar  Muck,
100029,Twin Lakes,Tier 2,WSU AgWeatherNet,11/15/2019,11/15/2019,48.44,120.18,1865,Okanogan,WA,Y,N,Y,Y,N,Y,Y,Y,Y,N,Y,N,N,Y,Y,2,Winthrop Gravelly Loamy Sand,
100030,Sundale,Tier 2,WSU AgWeatherNet,12/9/2019,12/9/2019,45.73,120.35,977,Klickitat,WA,Y,N,Y,Y,N,Y,Y,Y,Y,N,Y,N,N,Y,Y,4,Wato Silt Loam,
100031,McNary,Tier 1,WSU AgWeatherNet,5/12/1992,1/1/2008,45.97,119.26,753,Benton,WA,Y,Y,Y,Y,N,Y,Y,Y,Y,N,Y,N,N,N,N,4,Warden Very Fine Sandy Loam,
100032,DudeDewald*,Tier 3,Boise State University,3/18/2019,3/18/2019,43.74,116.46,2792,Ada,ID,Y,N,Y,N,N,Y,Y,N,Y,N,N,N,N,N,Y,5,Lankbush-Brent sandy loams,
100033,Rose.Cottg*,Tier 3,Boise State University,6/21/2019,6/21/2019,43.62,116.84,2696,Canyon,ID,Y,N,Y,Y,N,Y,Y,N,Y,N,N,N,N,N,N,5,Turbyfill Fine Sandy Loam,
100034,SpiralRock*,Tier 3,Boise State University,3/21/2019,3/22/2019,46.45,117.01,1906,Nez Perce,ID,Y,N,Y,N,N,Y,Y,N,Y,N,N,N,N,N,Y,5,Almota-Linville Complex,
100035,Huston*,Tier 3,Boise State University,5/2/2019,5/3/2019,43.61,116.77,2505,Canyon,ID,Y,N,Y,Y,N,Y,Y,N,Y,N,N,N,N,N,N,5,Purdam silt loam,
100037,Coffin,Tier 1,WSU AgWeatherNet,5/12/1992,9/1/2007,46.04,119.31,1218,Benton,WA,Y,Y,Y,Y,N,Y,Y,Y,Y,N,Y,N,N,N,N,4,Shano Silt Loam,
100039,TripleS,Tier 2,WSU AgWeatherNet,8/8/2001,1/1/2008,46.21,119.5,1512,Benton,WA,Y,N,Y,Y,N,Y,Y,Y,Y,N,Y,N,N,Y,Y,4,Ritzville Very Fine Sandy Loam,
100040,Hat.Ranch*,Tier 3,Boise State University,2/4/2020,2/4/2020,43.59,116.81,2325,Canyon,ID,Y,N,Y,Y,N,Y,Y,N,Y,N,N,N,N,N,N,5,Feltham loamy fine sand,
100041,EmeraldSlp*,Tier 3,Boise State University,2/4/2020,2/4/2020,43.73,117.09,2457,Malheur,OR,Y,N,Y,N,N,Y,Y,N,Y,N,N,N,N,N,Y,5,Feltham sandy loam,
100043,Fujishin*,Tier 3,Boise State University,2/4/2020,2/4/2020,43.63,116.88,2622,Canyon,ID,Y,N,Y,N,N,Y,Y,N,Y,N,N,N,N,N,Y,5,Truesdale fine sandy loam,
100044,TwoBadLabs*,Tier 3,Boise State University,2/5/2020,2/5/2020,46.34,116.93,1679,Nez Perce,ID,Y,N,Y,N,N,Y,Y,N,Y,N,N,N,N,N,Y,5,Lickskillet-Alpowa-Rock Outcrop Complex,
100045,Snake.Rvr*,Tier 3,Boise State University,2/5/2020,2/5/2020,43.72,116.99,2388,Canyon,ID,Y,N,Y,Y,N,Y,Y,N,Y,N,N,N,N,N,N,5,Feltham Loamy Fine Sand,
100046,Bitner*,Tier 3,Boise State University,2/5/2020,2/5/2020,43.61,116.81,2580,Canyon,ID,Y,N,Y,N,N,Y,Y,N,Y,N,N,N,N,N,N,5,Feltham loamy fine sand,
100047,Indian.Crk*,Tier 3,Boise State University,2/5/2020,2/5/2020,43.5,116.47,2666,Ada,ID,Y,N,Y,Y,N,Y,Y,N,Y,N,N,N,N,N,N,5,"Elijah silt loam, bedrock substratum",
100048,FincaBsada*,Tier 3,Boise State University,3/19/2019,4/22/2019,43.74,116.4,2679,Ada,ID,Y,N,Y,N,N,Y,Y,N,Y,N,N,N,N,N,Y,5,Quincy-Lankbush complex,
100049,Scoria*,Tier 3,Boise State University,2/5/2020,2/5/2020,43.56,116.75,2648,Canyon,ID,Y,N,Y,Y,N,Y,Y,N,Y,N,N,N,N,N,N,5,Jacquith Loamy Fine Sand,
100050,CCC.Umiker*,Tier 3,Boise State University,4/15/2019,4/16/2019,46.39,116.98,1376,Nez Perce,ID,Y,N,Y,N,N,Y,Y,N,Y,N,N,N,N,N,Y,5,Oliphant silt loam,
100051,Williamson*,Tier 3,Boise State University,2/5/2020,2/5/2020,43.58,116.78,2504,Canyon,ID,Y,N,Y,N,N,Y,Y,N,Y,N,N,N,N,N,Y,5,,
100052,Corvallis*,Tier 3,USDA-ARS,5/14/2008,5/15/2008,44.57,123.24,210,Linn,OR,Y,N,Y,Y,N,Y,Y,Y,Y,N,Y,N,N,Y,Y,5,Chehalis silty clay loam,
100053,Silverton*,Tier 3,USDA-ARS,5/11/2008,5/11/2008,45.04,122.78,198,Marion,OR,Y,N,Y,Y,N,Y,Y,Y,Y,N,Y,N,N,Y,Y,5,Chehalis Silty Clay Loam,
100054,Colton.S,Tier 2,WSU Variety Trial Program,4/27/2020,4/28/2020,46.56,117.12,2595,Whitman,WA,Y,N,Y,Y,N,Y,Y,Y,Y,N,Y,N,N,Y,Y,3,Covello silt loam,
100055,Carlton.S,Tier 2,WSU AgWeatherNet,4/24/2020,4/25/2020,48.2,120.12,1351,Okanogan,WA,Y,N,Y,Y,N,Y,Y,Y,Y,N,Y,N,N,Y,Y,2,Pogue gravelly fine sandy loam,
100056,Dusty.W,Tier 2,USDA-ARS,5/1/2020,5/1/2020,46.79,117.8,1633.9,Whitman,WA,Y,N,Y,Y,N,Y,Y,Y,Y,N,Y,N,N,Y,Y,3,Walla Walla silt loam,
100057,Mayview,Tier 2,USDA-ARS,5/1/2020,5/1/2020,46.61,117.41,2428.5,Garfield,WA,Y,N,Y,Y,N,Y,Y,Y,Y,N,Y,N,N,Y,Y,3,Athena silt loam,
100058,Rockford,Tier 2,Washington Grain Commission,5/5/2020,5/5/2020,47.41,117.04,2597,Spokane,WA,Y,N,Y,Y,N,Y,Y,Y,Y,N,Y,N,N,Y,Y,3,Driscoll-Larkin Complex,
100059,Carlson,Tier 1,WSU AgWeatherNet,4/24/1989,1/1/2008,46.14,119.46,1494,Benton,WA,Y,Y,Y,Y,N,Y,Y,Y,Y,N,Y,N,N,N,N,4,Ritzville Silt Loam,
100060,Kahlotus.W,Tier 2,Washington Grain Commission,5/11/2020,5/12/2020,46.62,118.7,1316,Franklin,WA,Y,N,Y,Y,N,Y,Y,Y,Y,N,Y,N,N,Y,Y,3,Ritzville silt loam,
100061,Creston.N,Tier 2,Washington Grain Commission,5/10/2020,5/12/2020,47.83,118.53,2536,Lincoln,WA,Y,N,Y,Y,N,Y,Y,Y,Y,N,Y,N,N,Y,Y,3,Bagdad silt loam,
100063,Bickleton.N,Tier 2,Washington Grain Commission,5/19/2020,5/19/2020,46.04,120.25,3014,Yakima,WA,Y,N,Y,Y,N,Y,Y,Y,Y,N,Y,N,N,Y,Y,4,Esquatzel silt loam,
100065,Wheelhouse,Tier 1,WSU AgWeatherNet,4/24/1992,4/24/1992,46.03,119.53,884,Benton,WA,Y,Y,Y,Y,N,Y,Y,Y,Y,N,Y,N,N,N,N,4,Warden Silt Loam,
100069,FishHook,Tier 1,WSU AgWeatherNet,5/7/1992,1/1/2008,46.29,118.74,772,Walla Walla,WA,Y,Y,Y,Y,N,Y,Y,Y,Y,N,Y,N,N,N,N,4,Quincy Fine Sand,
100070,Moody,Tier 2,Washington Grain Commission,5/19/2020,5/19/2020,47.22,118.99,1621,Grant,WA,Y,N,Y,Y,N,Y,Y,Y,Y,N,Y,N,N,Y,Y,3,Shano silt loam,
100071,K2H,Tier 1,WSU AgWeatherNet,5/7/1992,1/1/2007,46.29,118.64,1119,Walla Walla,WA,Y,Y,Y,Y,N,Y,Y,Y,Y,N,Y,N,N,N,N,4,Ritzville Silt Loam,
100072,Reardan.W,Tier 2,USDA-ARS,5/13/2020,5/19/2020,47.67,118.04,2522,Lincoln,WA,Y,N,Y,Y,N,Y,Y,Y,Y,N,Y,N,N,Y,Y,3,Hanning Silt Loam,
100073,St.Andrews,Tier 2,WSU AgWeatherNet,5/11/2020,5/11/2020,47.61,119.43,2474.4,Douglas,WA,Y,N,Y,Y,N,Y,Y,Y,Y,N,Y,N,N,Y,Y,3,Broadax Silt Loam,
100074,SawtoothB36*,Tier 3,Boise State University,6/18/2020,6/18/2020,43.48,116.67,2820,Canyon,ID,Y,N,Y,N,N,Y,Y,N,Y,N,N,N,N,N,Y,5,"Scism Silt Loam, Deep Over Basalt",
100076,Tracy.W,Tier 2,Washington Grain Commission,6/2/2020,6/3/2020,46.09,118.21,1450,Walla Walla,WA,Y,N,Y,Y,N,Y,Y,Y,Y,N,Y,N,N,Y,Y,4,Walla Walla Silt Loam,
100077,C114,Tier 2,Washington Cattle Feeders Assocation,6/23/2022,6/23/2022,46.71,118.89,1087,Franklin,WA,Y,N,Y,Y,N,Y,Y,N,Y,Y,Y,N,Y,Y,Y,3,"Shano silt loam, stratified substratum",
100081,Klingeman*,Tier 3,Columbia Reach,1/1/2021,1/1/2021,46.64,119.31,964,Franklin,WA,Y,N,Y,Y,N,Y,Y,N,Y,N,N,N,N,N,Y,5,Sagehill very fine sandy loam,
100082,Fir*,Tier 3,Columbia Reach,6/5/2020,6/5/2020,46.44,119.22,886,Franklin,WA,Y,N,Y,Y,N,Y,Y,Y,Y,N,Y,N,N,Y,Y,5,Warden very fine sandy loam,
100083,AMT*,Tier 3,Columbia Reach,6/9/2020,6/9/2020,46.69,119.73,831,Grant,WA,Y,N,Y,Y,N,Y,Y,Y,Y,N,Y,N,N,Y,Y,5,Winchester sand,
100084,Vanderbilt*,Tier 3,Columbia Reach,6/11/2020,6/11/2020,46.9,120.4,1742,Kittitas,WA,Y,N,Y,Y,N,Y,Y,Y,Y,N,Y,N,N,Y,Y,5,Rollinger Ashy Silt Loam,
100086,SkylineB13*,Tier 3,Boise State University,6/18/2020,6/18/2020,43.46,116.69,2820,Canyon,ID,Y,N,Y,N,N,Y,Y,N,Y,N,N,N,N,N,N,5,Bahem Silt Loam,
100087,Palouse.W,Tier 2,USDA-ARS,7/6/2020,7/6/2020,46.93,117.22,2538,Whitman,WA,Y,N,Y,Y,N,Y,Y,Y,Y,N,Y,N,N,Y,Y,3,Palouse silt loam,
100088,Endicott,Tier 2,Washington Grain Commission,5/22/2020,7/8/2020,46.9,117.75,1734,Whitman,WA,Y,N,Y,Y,N,Y,Y,Y,Y,N,Y,N,N,Y,Y,3,Walla Walla silt loam,
100090,Mount Vernon,Tier 1,WSU AgWeatherNet,7/16/2020,7/16/2020,48.44,122.39,16,Skagit,WA,Y,Y,Y,Y,Y,Y,N,N,Y,Y,Y,N,Y,Y,N,1,Sedrowoolley Silt Loam,"Sand: 3%, Silt: 66%, Clay: 31%"
100091,Enumclaw.N,Tier 2,King Conservation District,8/14/2020,8/14/2020,47.24,121.97,732,King,WA,Y,N,Y,Y,N,Y,Y,N,Y,Y,Y,N,Y,Y,Y,1,Shalcar muck,
100093,Pullman,Tier 1,WSU AgWeatherNet,8/27/2020,1/16/2008,46.69,117.15,2545,Whitman,WA,Y,N,Y,Y,Y,Y,N,N,Y,Y,Y,N,Y,Y,N,3,Palouse Silt Loam,"Sand: 17%, Silt: 64%, Clay: 19%"
100094,St.John.E,Tier 2,,9/2/2020,9/2/2020,47.08,117.51,2297,Whitman,WA,Y,N,Y,Y,N,Y,Y,Y,Y,N,Y,N,N,Y,Y,3,Palouse-Thatuna Silt Loams,
100095,Gleed.N,Tier 2,WSU AgWeatherNet,9/24/2020,9/25/2020,46.7,120.62,1865,Yakima,WA,Y,N,Y,Y,N,Y,Y,Y,Y,N,Y,N,N,Y,Y,4,Ritzville silt loam,
100096,Wilderbee Farm*,Tier 3,,7/5/2020,7/5/2020,48.12,122.82,189,WA,WA,Y,N,Y,Y,N,Y,Y,N,Y,N,N,N,N,N,Y,5,Clallam Gravelly Sandy Loam,
100113,Finley,Tier 1,WSU AgWeatherNet,6/2/1992,1/1/2008,46.14,119.06,495,Benton,WA,Y,Y,Y,Y,N,Y,Y,Y,Y,N,Y,N,N,N,N,4,Finley Fine Sandy Loam,
100114,Benton City.E,Tier 1,WSU AgWeatherNet,7/14/1995,7/1/1995,46.28,119.45,682,Benton,WA,Y,Y,Y,Y,N,Y,Y,Y,Y,Y,Y,Y,N,N,Y,4,Warden Silt Loam,
100125,Whitcomb,Tier 2,,8/21/2007,8/21/2007,45.86,119.76,284,Benton,WA,Y,N,Y,Y,N,Y,Y,Y,Y,N,Y,N,N,Y,Y,4,Burbank Loamy Fine Sand,
100128,Touchet,Tier 1,WSU AgWeatherNet,8/4/1989,1/1/2007,46.02,118.68,551,Walla Walla,WA,Y,N,Y,Y,N,Y,Y,Y,Y,N,Y,N,N,N,N,4,Sagemoor Silt Loam,
100129,Horrigan,Tier 2,WSU AgWeatherNet,4/26/1989,5/1/2008,46.08,119.77,945,Benton,WA,Y,N,Y,Y,N,Y,Y,Y,Y,N,Y,N,N,Y,Y,4,Warden silt loam,
100134,Eby,Tier 1,WSU AgWeatherNet,5/17/1989,5/17/1989,46.07,119.08,1519,Benton,WA,Y,Y,Y,Y,N,Y,Y,Y,Y,N,Y,N,N,N,N,4,Ritzville Silt Loam,
100139,Gramling,Tier 1,WSU AgWeatherNet,4/26/1989,5/3/2008,46.12,119.22,1340,Benton,WA,Y,Y,Y,Y,N,Y,Y,Y,Y,N,Y,N,N,N,N,4,Ritzville Silt Loam,
100140,100Circles,Tier 1,WSU AgWeatherNet,6/21/2000,1/1/2008,45.93,119.81,499,Benton,WA,Y,Y,Y,Y,N,Y,Y,Y,Y,Y,Y,Y,N,N,Y,4,Koehler Loamy Fine Sand,
100147,Pasco,Tier 1,WSU AgWeatherNet,6/21/1995,2/12/2007,46.25,119.13,404,Franklin,WA,Y,Y,Y,Y,N,Y,Y,Y,Y,N,Y,N,N,N,Y,4,Quincy Loamy Fine Sand,
100161,Benton City.W,Tier 1,WSU AgWeatherNet,6/16/2006,1/18/2007,46.3,119.57,929,Benton,WA,Y,Y,Y,Y,N,Y,Y,Y,Y,Y,Y,Y,N,N,Y,4,Starbuck Silt Loam,
100176,ckvy*,Tier 0,USBR AgriMet,3/9/2015,10/9/2020,42.08,110.96,1887,,ID,Y,N,N,Y,N,Y,Y,N,Y,N,N,N,N,N,N,5,,
100179,roso*,Tier 0,USBR AgriMet,7/26/2016,10/9/2020,43.27,123.44,153.6,,OR,Y,N,N,Y,N,Y,Y,N,Y,N,N,N,N,N,N,5,,
100180,bkvo*,Tier 0,USBR AgriMet,5/10/2001,10/9/2020,44.88,117.96,1042.42,,OR,Y,N,N,Y,N,Y,Y,N,Y,N,N,N,N,N,N,5,,
100181,brko*,Tier 0,USBR AgriMet,9/28/1999,10/9/2020,42.03,124.24,24.38,,OR,Y,N,N,Y,N,Y,Y,N,Y,N,N,N,N,N,N,5,,
100182,chvo*,Tier 0,USBR AgriMet,4/22/1985,10/9/2020,43.24,120.73,1312.16,,OR,Y,N,N,Y,N,Y,Y,N,Y,N,N,N,N,N,N,5,,
100183,defo*,Tier 0,USBR AgriMet,10/20/1988,10/9/2020,45.59,121.64,350.52,,OR,Y,N,N,Y,N,Y,Y,N,Y,N,N,N,N,N,N,5,,
100184,bano*,Tier 0,USBR AgriMet,5/15/1985,10/9/2020,43.09,124.42,24.38,,OR,Y,N,N,Y,N,Y,Y,N,Y,N,N,N,N,N,N,5,,
100185,dwni*,Tier 0,USBR AgriMet,11/5/2014,10/9/2020,42.43,112.13,1483,,ID,Y,N,N,Y,N,Y,Y,N,Y,N,N,N,N,N,N,5,,
100186,cdai*,Tier 0,USBR AgriMet,11/19/2014,10/9/2020,47.72,116.78,620,,ID,Y,N,N,Y,N,Y,Y,N,Y,N,N,N,N,N,N,5,,
100187,dtro*,Tier 0,USBR AgriMet,9/26/2002,10/9/2020,44.73,122.18,510.54,,OR,Y,N,N,Y,N,Y,Y,N,Y,N,N,N,N,N,N,5,,
100188,echo*,Tier 0,USBR AgriMet,3/24/1988,10/9/2020,45.72,119.31,231.65,,OR,Y,N,N,Y,N,Y,Y,N,Y,N,N,N,N,N,N,5,,
100189,fafi*,Tier 0,USBR AgriMet,6/25/1987,10/9/2020,43.31,114.82,1535.58,,ID,Y,N,N,Y,N,Y,Y,N,Y,N,N,N,N,N,N,5,,
100190,fogo*,Tier 0,USBR AgriMet,8/29/1991,10/9/2020,45.55,123.08,54.86,,OR,Y,N,N,Y,N,Y,Y,N,Y,N,N,N,N,N,N,5,,
100191,fthi*,Tier 0,USBR AgriMet,4/2/1993,10/9/2020,43.07,112.43,1354.84,,ID,Y,N,N,Y,N,Y,Y,N,Y,N,N,N,N,N,N,5,,
100192,lako*,Tier 0,USBR AgriMet,4/19/1988,10/9/2020,42.12,120.52,1453.9,,OR,Y,N,N,Y,N,Y,Y,N,Y,N,N,N,N,N,N,5,,
100193,lidw*,Tier 0,USBR AgriMet,5/18/1983,10/9/2020,46.87,118.74,449.58,,WA,Y,N,N,Y,N,Y,Y,N,Y,N,N,N,N,N,N,5,,
100194,masw*,Tier 0,USBR AgriMet,11/9/1993,10/9/2020,47.92,120.12,601.07,,WA,Y,N,N,Y,N,Y,Y,N,Y,N,N,N,N,N,N,5,,
100195,pmai*,Tier 0,USBR AgriMet,3/28/1986,10/9/2020,43.8,116.93,702.56,,ID,Y,N,N,Y,N,Y,Y,N,Y,N,N,N,N,N,N,5,,
100196,crvo*,Tier 0,USBR AgriMet,2/27/1990,10/9/2020,44.63,123.19,70.1,,OR,Y,N,N,Y,N,Y,Y,N,Y,N,N,N,N,N,N,5,,
100197,bato*,Tier 0,USBR AgriMet,10/19/2004,10/9/2020,42.48,121.27,1316.74,,OR,Y,N,N,Y,N,Y,Y,N,Y,N,N,N,N,N,N,5,,
100198,bewo*,Tier 0,USBR AgriMet,5/1/2003,10/9/2020,44.05,121.32,1103.38,,OR,Y,N,N,Y,N,Y,Y,N,Y,N,N,N,N,N,N,5,,
100199,boii*,Tier 0,USBR AgriMet,7/26/1995,10/9/2020,43.6,116.18,829.06,,ID,Y,N,N,Y,N,Y,Y,N,Y,N,N,N,N,N,N,5,,
100201,grei*,Tier 0,USBR AgriMet,3/13/2014,10/9/2020,42.51,111.74,1661,,ID,Y,N,N,Y,N,Y,Y,N,Y,N,N,N,N,N,N,5,,
100202,mdeo*,Tier 0,USBR AgriMet,9/10/2013,10/9/2020,44.88,121.08,399,,OR,Y,N,N,Y,N,Y,Y,N,Y,N,N,N,N,N,N,5,,
100203,mdno*,Tier 0,USBR AgriMet,9/10/2013,10/9/2020,44.87,121.07,402,,OR,Y,N,N,Y,N,Y,Y,N,Y,N,N,N,N,N,N,5,,
100204,mdso*,Tier 0,USBR AgriMet,9/10/2013,10/9/2020,44.86,121.07,426,,OR,Y,N,N,Y,N,Y,Y,N,Y,N,N,N,N,N,N,5,,
100205,mdto*,Tier 0,USBR AgriMet,9/10/2013,10/9/2020,44.87,121.08,384,,OR,Y,N,N,Y,N,Y,Y,N,Y,N,N,N,N,N,N,5,,
100206,agko*,Tier 0,USBR AgriMet,5/3/2000,10/9/2020,42.57,121.98,1264.92,,OR,Y,N,N,Y,N,Y,Y,N,Y,N,N,N,N,N,N,5,,
100207,ahti*,Tier 0,USBR AgriMet,6/1/1987,10/9/2020,44.03,111.47,1615.44,,ID,Y,N,N,Y,N,Y,Y,N,Y,N,N,N,N,N,N,5,,
100208,arao*,Tier 0,USBR AgriMet,10/22/1998,10/9/2020,45.28,122.75,42.67,,OR,Y,N,N,Y,N,Y,Y,N,Y,N,N,N,N,N,N,5,,
100209,hrfo*,Tier 0,USBR AgriMet,4/28/1998,10/9/2020,44.49,118.02,1097.28,,OR,Y,N,N,Y,N,Y,Y,N,Y,N,N,N,N,N,N,5,,
100210,hrmo*,Tier 0,USBR AgriMet,7/15/1993,10/9/2020,45.82,119.28,185.01,,OR,Y,N,N,Y,N,Y,Y,N,Y,N,N,N,N,N,N,5,,
100211,rrii*,Tier 0,USBR AgriMet,3/13/2014,10/9/2020,43.61,111.7,1547,,ID,Y,N,N,Y,N,Y,Y,N,Y,N,N,N,N,N,N,5,,
100212,osgi*,Tier 0,USBR AgriMet,3/13/2014,10/9/2020,43.59,112.08,1471,,ID,Y,N,N,Y,N,Y,Y,N,Y,N,N,N,N,N,N,5,,
100213,mdxo*,Tier 0,USBR AgriMet,9/9/2013,10/9/2020,44.87,121.07,391,,OR,Y,N,N,Y,N,Y,Y,N,Y,N,N,N,N,N,N,5,,
100215,mali*,Tier 0,USBR AgriMet,6/2/1983,10/9/2020,42.44,113.41,1344.17,,ID,Y,N,N,Y,N,Y,Y,N,Y,N,N,N,N,N,N,5,,
100216,hero*,Tier 0,USBR AgriMet,5/17/1983,10/9/2020,45.82,119.52,167.64,,OR,Y,N,N,Y,N,Y,Y,N,Y,N,N,N,N,N,N,5,,
100217,hoxo*,Tier 0,USBR AgriMet,5/19/1987,10/9/2020,45.68,121.52,155.45,,OR,Y,N,N,Y,N,Y,Y,N,Y,N,N,N,N,N,N,5,,
100219,rgbi*,Tier 0,USBR AgriMet,3/13/2014,10/9/2020,43.68,111.88,1488,,ID,Y,N,N,Y,N,Y,Y,N,Y,N,N,N,N,N,N,5,,
100220,drpw*,Tier 0,USBR AgriMet,6/25/2014,10/9/2020,47.95,117.43,662.94,,WA,Y,N,N,Y,N,Y,Y,N,Y,N,N,N,N,N,N,5,,
100221,kflo*,Tier 0,USBR AgriMet,3/30/1999,10/9/2020,42.16,121.76,1249.68,,OR,Y,N,N,Y,N,Y,Y,N,Y,N,N,N,N,N,N,5,,
100223,shli*,Tier 0,USBR AgriMet,3/13/2014,10/9/2020,43.43,112.14,1417,,ID,Y,N,N,Y,N,Y,Y,N,Y,N,N,N,N,N,N,5,,
100224,slwi*,Tier 0,USBR AgriMet,6/26/2014,10/9/2020,47.9,116.71,712.3176,,ID,Y,N,N,Y,N,Y,Y,N,Y,N,N,N,N,N,N,5,,
100225,nmpi*,Tier 0,USBR AgriMet,3/11/1996,10/9/2020,43.44,116.65,823.57,,ID,Y,N,N,Y,N,Y,Y,N,Y,N,N,N,N,N,N,5,,
100227,efhw*,Tier 0,USBR AgriMet,9/26/2013,10/9/2020,47.7,120.32,315,,WA,Y,N,N,Y,N,Y,Y,N,Y,N,N,N,N,N,N,5,,
100228,mwso*,Tier 0,USBR AgriMet,9/12/2013,10/9/2020,44.85,121.15,432,,OR,Y,N,N,Y,N,Y,Y,N,Y,N,N,N,N,N,N,5,,
100229,trti*,Tier 0,USBR AgriMet,3/13/2014,10/9/2020,43.87,112.26,1478,,ID,Y,N,N,Y,N,Y,Y,N,Y,N,N,N,N,N,N,5,,
100230,sbmw*,Tier 0,USBR AgriMet,4/16/2002,10/9/2020,47.86,118.34,417.58,,WA,Y,N,N,Y,N,Y,Y,N,Y,N,N,N,N,N,N,5,,
100231,pobo*,Tier 0,USBR AgriMet,9/21/1993,10/9/2020,44.25,120.95,975.36,,OR,Y,N,N,Y,N,Y,Y,N,Y,N,N,N,N,N,N,5,,
100232,wrdo*,Tier 0,USBR AgriMet,4/19/2000,10/9/2020,42.01,121.79,1243.58,,OR,Y,N,N,Y,N,Y,Y,N,Y,N,N,N,N,N,N,5,,
100233,psfi*,Tier 0,USBR AgriMet,11/18/2014,10/9/2020,47.71,116.97,665,,ID,Y,N,N,Y,N,Y,Y,N,Y,N,N,N,N,N,N,5,,
100234,libw*,Tier 0,USBR AgriMet,11/18/2014,10/9/2020,47.67,117.09,632,,WA,Y,N,N,Y,N,Y,Y,N,Y,N,N,N,N,N,N,5,,
100235,spli*,Tier 0,USBR AgriMet,11/19/2014,10/9/2020,47.99,116.88,756,,ID,Y,N,N,Y,N,Y,Y,N,Y,N,N,N,N,N,N,5,,
100236,psti*,Tier 0,USBR AgriMet,11/5/2014,10/9/2020,42.11,111.89,1335,,ID,Y,N,N,Y,N,Y,Y,N,Y,N,N,N,N,N,N,5,,
100237,tfgi*,Tier 0,USBR AgriMet,8/21/2013,10/9/2020,42.57,114.6,1147,,ID,Y,N,N,Y,N,Y,Y,N,Y,N,N,N,N,N,N,5,,
100238,imbo*,Tier 0,USBR AgriMet,4/5/1994,10/9/2020,45.43,117.97,838.2,,OR,Y,N,N,Y,N,Y,Y,N,Y,N,N,N,N,N,N,5,,
100239,pcyo*,Tier 0,USBR AgriMet,4/12/1989,10/9/2020,44.44,118.63,1143.61,,OR,Y,N,N,Y,N,Y,Y,N,Y,N,N,N,N,N,N,5,,
100240,pici*,Tier 0,USBR AgriMet,4/21/1993,10/9/2020,43.31,114.17,1493.52,,ID,Y,N,N,Y,N,Y,Y,N,Y,N,N,N,N,N,N,5,,
100241,twfi*,Tier 0,USBR AgriMet,5/4/1990,10/9/2020,42.55,114.35,1194.82,,ID,Y,N,N,Y,N,Y,Y,N,Y,N,N,N,N,N,N,5,,
100242,bndw*,Tier 0,USBR AgriMet,4/13/2002,10/9/2020,45.65,121.93,24.38,,WA,Y,N,N,Y,N,Y,Y,N,Y,N,N,N,N,N,N,5,,
100243,chaw*,Tier 0,USBR AgriMet,11/27/2007,10/9/2020,48.03,117.74,594.36,,WA,Y,N,N,Y,N,Y,Y,N,Y,N,N,N,N,N,N,5,,
100244,cjdw*,Tier 0,USBR AgriMet,4/15/2002,10/9/2020,47.99,119.64,301.75,,WA,Y,N,N,Y,N,Y,Y,N,Y,N,N,N,N,N,N,5,,
100245,gcdw*,Tier 0,USBR AgriMet,4/16/2002,10/9/2020,47.95,118.95,402.34,,WA,Y,N,N,Y,N,Y,Y,N,Y,N,N,N,N,N,N,5,,
100246,kflw*,Tier 0,USBR AgriMet,4/17/2002,10/9/2020,48.6,118.12,408.43,,WA,Y,N,N,Y,N,Y,Y,N,Y,N,N,N,N,N,N,5,,
100247,mrso*,Tier 0,USBR AgriMet,5/1/1984,10/9/2020,44.68,121.15,743.71,,OR,Y,N,N,Y,N,Y,Y,N,Y,N,N,N,N,N,N,5,,
100248,onto*,Tier 0,USBR AgriMet,4/30/1992,10/9/2020,43.98,117.02,688.85,,OR,Y,N,N,Y,N,Y,Y,N,Y,N,N,N,N,N,N,5,,
100249,gerw*,Tier 0,USBR AgriMet,5/15/1986,10/9/2020,47.04,119.64,350.52,,WA,Y,N,N,Y,N,Y,Y,N,Y,N,N,N,N,N,N,5,,
100250,golw*,Tier 0,USBR AgriMet,11/27/1991,10/9/2020,45.81,120.82,512.06,,WA,Y,N,N,Y,N,Y,Y,N,Y,N,N,N,N,N,N,5,,
100251,gdvi*,Tier 0,USBR AgriMet,2/10/1993,10/9/2020,42.91,116.06,786.38,,ID,Y,N,N,Y,N,Y,Y,N,Y,N,N,N,N,N,N,5,,
100252,gfri*,Tier 0,USBR AgriMet,4/13/1993,10/9/2020,42.87,115.36,922.02,,ID,Y,N,N,Y,N,Y,Y,N,Y,N,N,N,N,N,N,5,,
100253,hrhw*,Tier 0,USBR AgriMet,5/27/1987,10/9/2020,46.38,120.57,259.08,,WA,Y,N,N,Y,N,Y,Y,N,Y,N,N,N,N,N,N,5,,
100254,legw*,Tier 0,USBR AgriMet,7/17/1986,10/9/2020,46.21,118.94,176.78,,WA,Y,N,N,Y,N,Y,Y,N,Y,N,N,N,N,N,N,5,,
100255,loro*,Tier 0,USBR AgriMet,3/31/2001,10/9/2020,42.08,121.22,1267.97,,OR,Y,N,N,Y,N,Y,Y,N,Y,N,N,N,N,N,N,5,,
100256,mdfo*,Tier 0,USBR AgriMet,5/23/1989,10/9/2020,42.33,122.94,408.43,,OR,Y,N,N,Y,N,Y,Y,N,Y,N,N,N,N,N,N,5,,
100257,odsw*,Tier 0,USBR AgriMet,4/24/1984,10/9/2020,47.31,118.88,502.92,,WA,Y,N,N,Y,N,Y,Y,N,Y,N,N,N,N,N,N,5,,
100258,omaw*,Tier 0,USBR AgriMet,1/25/1989,10/9/2020,48.4,119.58,376.43,,WA,Y,N,N,Y,N,Y,Y,N,Y,N,N,N,N,N,N,5,,
100259,paro*,Tier 0,USBR AgriMet,10/20/1989,10/9/2020,45.54,121.62,451.1,,OR,Y,N,N,Y,N,Y,Y,N,Y,N,N,N,N,N,N,5,,
100261,silw*,Tier 0,USBR AgriMet,7/18/2002,10/9/2020,46.42,117.18,251.46,,WA,Y,N,N,Y,N,Y,Y,N,Y,N,N,N,N,N,N,5,,
100262,pngo*,Tier 0,USBR AgriMet,10/20/1989,10/9/2020,45.65,121.51,188.98,,OR,Y,N,N,Y,N,Y,Y,N,Y,N,N,N,N,N,N,5,,
100263,rthi*,Tier 0,USBR AgriMet,4/22/2008,10/9/2020,47.8,116.83,673.61,,ID,Y,N,N,Y,N,Y,Y,N,Y,N,N,N,N,N,N,5,,
100264,rxgi*,Tier 0,USBR AgriMet,6/3/1987,10/9/2020,43.85,111.77,1485.9,,ID,Y,N,N,Y,N,Y,Y,N,Y,N,N,N,N,N,N,5,,
100265,mnpi*,Tier 0,USBR AgriMet,11/16/2014,10/9/2020,42.25,111.34,1823,,ID,Y,N,N,Y,N,Y,Y,N,Y,N,N,N,N,N,N,5,,
100267,slmi*,Tier 0,USBR AgriMet,9/7/2019,10/9/2020,45.28,113.88,1165.86,,ID,Y,N,N,Y,N,Y,Y,N,Y,N,N,N,N,N,N,5,,
100270,Tumwater,Tier 1,WA- DNR,10/21/2020,10/21/2020,46.95,122.96,186,Thurston,WA,Y,Y,Y,Y,Y,Y,N,N,Y,Y,Y,N,Y,Y,N,1,Cagey Loamy Sand,"Sand: 79%, Silt: 16%, Clay: 5%"
100271,Brewster.N,Tier 2,WSU AgWeatherNet,10/28/2020,10/28/2020,48.14,119.72,1221,Okanogan,WA,Y,N,Y,Y,N,Y,Y,Y,Y,N,Y,N,N,Y,Y,2,Cashmere fine sandy loam,
100272,Hood.River*,Tier 3,Cascade Weather,11/10/2020,11/10/2020,45.68,121.52,0,,OR,Y,N,Y,Y,N,Y,Y,Y,Y,N,N,N,N,N,Y,5,Van Horn fine sandy loam,
100273,Summitview.Ext,Tier 2,WSU AgWeatherNet,11/9/2020,11/13/2020,46.6,120.7,1500,Yakima,WA,Y,N,Y,Y,N,Y,Y,Y,Y,N,Y,N,N,Y,Y,4,Gorst Loam,
100274,Braeburn*,Tier 3,Oregon State University,11/16/2020,11/16/2020,44.57,123.24,200,Benton,OR,Y,N,Y,Y,N,Y,Y,Y,Y,N,Y,N,N,Y,Y,5,Chapman loam,
100275,Lynden.S,Tier 2,Whatcom Conservation District,11/19/2020,11/19/2020,48.92,122.42,52.5,Whatcom,WA,Y,N,Y,Y,N,Y,Y,N,Y,Y,Y,N,Y,Y,Y,2,Snohomish Silt Loam,"Sand: 10%, Silt: 68%, Clay: 22%"
100277,Stemilt,Tier 2,WSU AgWeatherNet,12/2/2020,12/4/2020,47.33,120.26,2228,Chelan,WA,Y,N,Y,Y,N,Y,Y,Y,Y,N,Y,N,N,Y,Y,2,Colockum Silt Loam,
100278,Peshastin.N,Tier 2,WSU AgWeatherNet,12/3/2020,12/3/2020,47.59,120.62,1217,Chelan,WA,Y,N,Y,Y,N,Y,Y,Y,Y,N,Y,N,N,Y,Y,2,Burch fine sandy loam,
100280,Moxee.N,Tier 2,WSU AgWeatherNet,12/10/2020,12/11/2020,46.59,120.41,1113,Yakima,WA,Y,N,Y,Y,N,Y,Y,Y,Y,N,Y,N,N,Y,Y,4,Warden silt loam,
100281,Conway.W,Tier 2,Skagit Conservation District,1/20/2021,1/20/2021,48.35,122.37,6,Skagit,WA,Y,N,Y,Y,N,Y,Y,N,Y,Y,Y,N,Y,Y,Y,1,Briscot fine sandy loam,
100283,Wapato.W,Tier 2,WSU AgWeatherNet,2/4/2021,2/4/2021,46.43,120.5,840,Yakima,WA,Y,N,Y,Y,N,Y,Y,Y,Y,N,Y,N,N,Y,Y,4,Ashue Loam,
100284,Gleed.CH*,Tier 3,chiawana,2/22/2021,2/22/2021,46.68,120.63,453.7,Yakima,WA,Y,N,Y,Y,N,Y,Y,Y,Y,N,N,N,N,N,Y,5,Ritzville silt loam,
100285,Frenchman Hills*,Tier 3,chiawana,1/1/2021,1/1/2021,46.96,119.57,1171.2,Grant,WA,Y,N,Y,Y,N,Y,Y,N,Y,N,N,N,N,N,Y,5,Royal loamy fine sand,
100287,Selah-Speyers,Tier 2,,3/9/2021,0000-00-00,46.67,120.57,1400,Yakima,WA,Y,N,Y,N,N,N,N,N,N,N,N,N,N,N,Y,4,Esquatzel Silt Loam,
100288,Arlington,Tier 1,WSU AgWeatherNet,3/17/2021,3/17/2021,48.19,122.17,46,Snohomish,WA,Y,Y,Y,Y,Y,Y,N,N,Y,Y,Y,N,Y,Y,N,1,Puget Silty Clay Loam,"Sand:53%, Silt:37%, Clay:10%"
100290,Plaza.S,Tier 2,Washington Grain Commission,4/13/2021,5/5/2021,47.31,117.39,2387,Spokane,WA,Y,N,Y,Y,N,Y,Y,Y,Y,N,Y,N,N,Y,Y,3,Naff-Garfield complex,
100291,Farmington,Tier 2,Washington Grain Commission,4/15/2021,4/15/2021,47.03,117.06,2595,Whitman,WA,Y,N,Y,Y,N,Y,Y,Y,Y,N,Y,N,N,Y,Y,3,Palouse silt loam,
100295,Vancouver,Tier 1,WSU AgWeatherNet,4/28/2021,4/28/2021,45.68,122.65,230,Clark,WA,Y,Y,Y,Y,Y,Y,N,N,Y,Y,Y,N,Y,Y,N,1,Odne Silt Loam,"Sand: 11%, Silt: 61%, Clay: 28%"
100296,Sumas.E,Tier 2,Whatcom Conservation District,5/4/2021,5/4/2021,48.99,122.2,42.7,Whatcom,WA,Y,N,Y,Y,N,Y,Y,N,Y,Y,Y,N,Y,Y,Y,2,"Sumas Silt Loam, drained","Sand: 30%, Silt: 55%, Clay: 15%"
100298,Othello,Tier 1,WSU AgWeatherNet,5/12/2021,5/12/2021,46.79,119.04,1200,Adams,WA,Y,Y,Y,Y,Y,Y,N,N,Y,Y,Y,N,Y,Y,N,3,Shano Silt Loam,"Sand:28%, Silt:61%, Clay:11%"
100299,Rancho Paz *,Tier 3,RanchoPazLLC,5/21/2021,5/21/2021,45.58,121.18,628,Wasco,OR,Y,N,Y,Y,N,Y,Y,N,Y,N,N,N,N,N,Y,5,Chenoweth loam,
100300,Richland,Tier 1,WSU AgWeatherNet,5/27/2021,5/27/2021,46.33,119.27,376,Benton,WA,Y,Y,Y,Y,Y,Y,N,N,Y,Y,Y,N,Y,Y,N,4,Finley Fine Sandy Loam,"Sand: 90%, Silt: 9%, Clay: 1%"
100301,Sequim,Tier 1,Clallam Conservation District,6/23/2021,6/23/2021,48.1,123.18,138,Clallam,WA,Y,Y,Y,Y,Y,Y,N,N,Y,Y,Y,N,Y,Y,N,1,Puget Silt Loam,"Sand: 56%, Silt: 29%, Clay: 15%"
100302,Marblemount,Tier 2,Skagit Conservation District,6/30/2021,6/30/2021,48.52,121.48,316,Skagit,WA,Y,N,Y,Y,N,Y,Y,N,Y,Y,Y,N,Y,Y,Y,1,Wickersham silt loam,
100303,Blaine,Tier 2,Whatcom Conservation District,7/7/2021,7/7/2021,48.99,122.71,79,Whatcom,WA,Y,N,Y,Y,N,Y,Y,N,Y,Y,Y,N,Y,Y,Y,2,Blainegate silty clay,
100304,Concrete,Tier 1,WSU AgWeatherNet,8/5/2021,8/5/2021,48.53,121.76,254,Skagit,WA,Y,Y,Y,Y,Y,Y,N,N,Y,Y,Y,N,Y,Y,N,1,Birdsview Loamy Sand,"Sand: 73%, Silt: 23%, Clay: 4%"
100305,Sultan,Tier 2,Snohomish County,9/22/2021,9/22/2021,47.86,121.84,131,Snohomish,WA,Y,N,Y,Y,N,Y,Y,N,Y,Y,Y,N,Y,Y,Y,1,Sultan Variant Silt Loam,
100306,Anacortes,Tier 2,Skagit Conservation District,9/28/2021,9/29/2021,48.49,122.66,258,Skagit,WA,Y,N,Y,Y,N,Y,Y,N,Y,Y,Y,N,Y,Y,Y,1,Catla gravelly fine sandy loam,
100307,Sedro-Woolley,Tier 2,Skagit Conservation District,10/7/2021,10/7/2021,48.5,122.19,43,Skagit,WA,Y,N,Y,Y,N,Y,Y,N,Y,Y,Y,N,Y,Y,Y,1,Larush Fine Sandy Loam,
100308,Big Flat,Tier 1,,10/13/2021,10/13/2021,46.3,118.83,730,Franklin,WA,Y,Y,Y,Y,Y,Y,N,N,Y,Y,Y,N,Y,Y,N,4,Kahlotus Very Fine Sandy Loam,
100309,Stanwood,Tier 2,Snohomish County,10/19/2021,10/19/2021,48.23,122.35,9,Snohomish,WA,Y,N,Y,Y,N,Y,Y,N,Y,Y,Y,N,Y,Y,Y,1,Sultan Silt Loam,
100310,Lind,Tier 1,WSU AgWeatherNet,11/2/2021,11/2/2021,47.01,118.57,1664,Adams,WA,Y,Y,Y,Y,Y,Y,N,N,Y,Y,Y,N,Y,Y,N,3,Ritzville Silt Loam,"Sand:22%, Silt:69%, Clay:9%"
100311,Riverbend*,Tier 3,AgriNorthwest,1/28/2022,1/28/2022,46.02,119.06,1272,Benton,WA,Y,N,Y,Y,N,Y,Y,Y,Y,Y,Y,N,Y,Y,Y,5,Ritzville Silt Loam,
100312,Goose Gap*,Tier 3,AgriNorthwest,2/2/2022,2/2/2022,46.08,119.02,1334,WA,WA,Y,N,Y,Y,N,Y,Y,N,Y,Y,Y,N,Y,Y,Y,5,Ritzville silt loam,
100315,Penstock*,Tier 3,AgriNorthwest,2/23/2022,2/23/2022,46.05,119.41,1254,Benton,WA,Y,N,Y,Y,N,Y,Y,N,Y,Y,Y,N,Y,Y,Y,5,Ritzville silt loam,
100316,Pole Line*,Tier 3,AgriNorthwest,2/24/2022,2/24/2022,45.79,119.54,615.2,Morrow,OR,Y,N,Y,Y,N,Y,Y,N,Y,Y,Y,N,Y,Y,Y,5,Quincy loamy fine sand,
100317,Circle C*,Tier 3,AgriNorthwest,2/24/2022,2/24/2022,45.75,119.15,836.3,Umatilla,OR,Y,N,Y,Y,N,Y,Y,N,Y,Y,Y,N,Y,Y,Y,5,Shano silt loam,
100318,Four Mile*,Tier 3,AgriNorthwest,2/25/2022,2/25/2022,46.02,119.26,970,Benton,WA,Y,N,Y,Y,N,Y,Y,N,Y,Y,Y,N,Y,Y,Y,5,Hezel loamy fine sand,
100319,Osprey*,Tier 3,chiawana,4/16/2022,4/16/2022,46.63,120.59,1420,WA,WA,Y,N,Y,Y,N,Y,Y,Y,Y,N,N,N,N,N,Y,5,Ritzville silt loam,
100321,O Road*,Tier 3,chiawana,4/16/2022,4/16/2022,46.95,119.8,1210,WA,WA,Y,N,Y,Y,N,Y,Y,N,Y,N,N,N,N,N,Y,5,Kennewick loamy fine sand,
100322,Dietz*,Tier 3,chiawana,4/16/2022,4/16/2022,46.89,119.42,1210,Grant,WA,Y,N,Y,Y,N,Y,Y,Y,Y,N,N,N,N,N,Y,5,Kennewick fine sandy loam,
100323,Plymouth*,Tier 3,Wash Fruit,4/18/2022,4/18/2022,45.97,119.46,585.62,Benton,WA,Y,N,Y,Y,N,Y,Y,Y,Y,N,N,N,N,N,Y,5,Warden very fine sandy loam,
100324,C115,Tier 2,Washington Cattle Feeders Assocation,6/24/2022,6/24/2022,47,119.03,1169,Grant,WA,Y,N,Y,Y,N,Y,Y,N,Y,Y,Y,N,Y,Y,Y,3,Sagemoor silt loam,
100326,Hogeye,Tier 2,Columbia County Grain Growers,6/29/2022,6/29/2022,46.26,117.99,2114,Columbia,WA,Y,N,Y,Y,N,Y,Y,N,Y,Y,Y,N,Y,Y,Y,4,Walla Walla Silt Loam,
100327,Port Angeles,Tier 2,WSU AgWeatherNet,7/1/2022,7/1/2022,48.11,123.48,322,Clallam,WA,Y,N,Y,Y,N,Y,Y,N,Y,Y,Y,N,Y,Y,Y,1,Elwha gravelly sandy loam,
100328,Jackson,Tier 2,,7/1/2022,7/1/2022,46.46,117.99,1720.4,Columbia,WA,Y,N,Y,Y,N,Y,Y,N,Y,Y,Y,N,Y,Y,Y,4,Walla Walla silt loam,
100329,Alto,Tier 2,,7/1/2022,7/1/2022,46.39,118.11,2053,Columbia,WA,Y,N,Y,Y,N,Y,Y,N,Y,Y,Y,N,Y,Y,Y,4,Athena silt loam,
100330,Friday Harbor,Tier 1,WSU AgWeatherNet,7/21/2022,7/21/2022,48.51,123.06,38,San Juan,WA,Y,Y,Y,Y,Y,Y,N,N,Y,Y,Y,N,Y,Y,N,1,Coveland-Mitchellbay Complex,"Sand: 47%, Silt: 44%, Clay: 9%"
100331,Twisp,Tier 1,,8/30/2022,8/30/2022,48.35,120.09,1569,Okanogan,WA,Y,Y,Y,Y,Y,Y,N,N,Y,Y,Y,N,Y,Y,N,2,Winthrop Gravelly Loamy Sand,"Sand: 79%, Silt: 17%, Clay: 7%"
100333,Abacela*,Tier 3b,Abacela,8/30/2021,8/30/2021,43.13,123.45,627.6277,Douglas,OR,Y,N,Y,Y,N,Y,Y,N,Y,N,N,N,N,N,Y,5,,
100334,C112,Tier 2,Washington Cattle Feeders Assocation,5/10/2022,5/10/2022,46.36,120.21,759,Yakima,WA,Y,N,Y,Y,N,Y,Y,N,Y,Y,Y,N,Y,Y,Y,4,Quincy loamy fine sand,
100335,C106,Tier 2,Washington Cattle Feeders Assocation,5/11/2022,5/11/2022,46.85,119.4,802,Grant,WA,Y,N,Y,Y,N,Y,Y,N,Y,Y,Y,N,Y,Y,Y,2,Malaga very stony sandy loam,
100336,C105,Tier 2,Washington Cattle Feeders Assocation,5/12/2022,5/12/2022,46.86,119.12,1140,Adams,WA,Y,N,Y,Y,N,Y,Y,N,Y,Y,Y,N,Y,Y,Y,3,Esquatzel silt loam,
100338,C102,Tier 2,Washington Cattle Feeders Assocation,5/12/2022,5/12/2022,46.93,119.66,1099,Grant,WA,Y,N,Y,Y,N,Y,Y,N,Y,Y,Y,N,Y,Y,Y,2,Kennewick silt loam,
100340,C101,Tier 2,Washington Cattle Feeders Assocation,5/13/2022,5/13/2022,47.18,119.76,1222,Grant,WA,Y,N,Y,Y,N,Y,Y,N,Y,Y,Y,N,Y,Y,Y,2,Quincy loamy fine sand,
100341,C111,Tier 2,Washington Cattle Feeders Assocation,5/20/2022,5/20/2022,46.13,118.9,458,Walla Walla,WA,Y,N,Y,Y,N,Y,Y,N,Y,Y,Y,N,Y,Y,Y,4,Hezel loamy fine sandy,
100342,Copalis Beach,Tier 2,WSU AgWeatherNet,5/25/2022,5/25/2022,47.11,124.18,10,Grays Harbor,WA,Y,N,Y,Y,N,Y,Y,N,Y,Y,Y,N,Y,Y,Y,1,Beaches,
100344,C104,Tier 2,Washington Cattle Feeders Assocation,5/25/2022,5/27/2022,47.06,119.09,1126,Grant,WA,Y,N,Y,Y,N,Y,Y,N,Y,Y,Y,N,Y,Y,Y,3,Sagehill very fine sandy loam,
100345,C108,Tier 2,Washington Cattle Feeders Assocation,5/27/2022,5/27/2022,46.59,119,852,Franklin,WA,Y,N,Y,Y,N,Y,Y,N,Y,Y,Y,N,Y,Y,Y,4,Prosser silt loam,
100347,C113,Tier 2,Washington Cattle Feeders Assocation,6/1/2022,6/2/2022,46.92,117.83,1583,Whitman,WA,Y,N,Y,Y,N,Y,Y,N,Y,Y,Y,N,Y,Y,Y,3,Walla Walla silt loam,
100348,C109,Tier 2,Washington Cattle Feeders Assocation,6/2/2022,6/2/2022,46.65,118.93,1010,Franklin,WA,Y,N,Y,Y,N,Y,Y,N,Y,Y,Y,N,Y,Y,Y,3,Starbuck silt loam,
100349,C107,Tier 2,Washington Cattle Feeders Assocation,5/12/2022,5/13/2022,46.77,119.16,1042,Adams,WA,Y,N,Y,Y,N,Y,Y,N,Y,Y,Y,N,Y,Y,Y,2,Scooteney stony loam,
100350,C103,Tier 2,Washington Cattle Feeders Assocation,6/7/2022,6/7/2022,46.76,119.77,942.25722,Grant,WA,Y,N,Y,Y,N,Y,Y,N,Y,Y,Y,N,Y,Y,Y,4,Kennewick silt loam,
100351,C110,Tier 2,Washington Cattle Feeders Assocation,6/9/2022,6/9/2022,46.51,118.88,1117,Franklin,WA,Y,N,Y,Y,N,Y,Y,N,Y,Y,Y,N,Y,Y,Y,4,Ritzville silt loam,
100352,WWCC*,Tier 3,sehill,3/25/2022,3/26/2022,46.08,118.27,1169,Walla Walla,WA,Y,N,Y,Y,N,Y,Y,N,Y,N,N,N,N,N,Y,5,,
100353,Clallam Bay,Tier 1,WSU AgWeatherNet,9/22/2022,9/22/2022,48.25,124.26,53,Clallam,WA,Y,Y,Y,Y,Y,Y,N,N,Y,Y,Y,N,Y,Y,N,1,Klahowya Silt Loam,"Sand: 51%, Silt: 32%, Clay: 17%"
100354,Deer Park,Tier 1,WSU AgWeatherNet,9/28/2022,9/28/2022,47.92,117.59,2210,Stevens,WA,Y,Y,Y,Y,Y,Y,N,N,Y,Y,Y,N,Y,Y,N,3,Clayton Fine Sandy Loam,"Sand:55%, Silt:37%, Clay:8%"
100356,Republic,Tier 1,,10/20/2022,10/20/2022,48.7,118.67,2357,Ferry,WA,Y,Y,Y,Y,Y,Y,N,N,Y,Y,Y,N,Y,Y,N,2,Ret Silt Loam,"Sand: 55%, Silt: 34%, Clay: 11%"
100357,Goldendale,Tier 1,WSU AgWeatherNet,10/26/2022,10/26/2022,45.8,120.85,1673,klickitat,WA,Y,Y,Y,Y,Y,Y,N,N,Y,Y,Y,N,Y,Y,N,1,Setnum Silt Loam,"Sand: 39%, Silt: 43%, Clay: 18%"
100358,mfro*,Tier 0,USBR AgriMet,6/21/2022,11/8/2022,45.95,118.35,3336,,OR,N,N,N,N,N,N,N,N,N,N,N,N,N,N,N,5,,
100362,ftmo*,Tier 0,USBR AgriMet,10/12/2022,11/8/2022,45.45,121.14,1329,,OR,N,N,N,N,N,N,N,N,N,N,N,N,N,N,N,5,,
100364,mrei*,Tier 0,USBR AgriMet,9/8/2019,11/8/2022,47.76,113.37,5541,,ID,N,N,N,N,N,N,N,N,N,N,N,N,N,N,N,5,,
100365,eoro*,Tier 0,USBR AgriMet,6/25/2019,11/8/2022,43.52,119.03,1262,,OR,N,N,N,N,N,N,N,N,N,N,N,N,N,N,N,5,,
100367,Prosser,Tier 1,WSU AgWeatherNet,4/19/2023,4/19/2023,46.25,119.73,830,Benton,WA,Y,Y,Y,Y,Y,Y,N,N,Y,Y,Y,N,Y,Y,N,4,Warden Very Fine Sandy Loam,"Sand: 55%, Silt: 44%, Clay: 5%"
100368,Mattawa,Tier 1,WSU AgWeatherNet,4/27/2023,4/27/2023,46.71,119.86,784,Grant,WA,Y,Y,Y,Y,Y,Y,N,N,Y,Y,Y,N,Y,Y,N,4,Burbank Loamy Fine Sand,"Sand: 80%, Silt: 18%, Clay: 2%"
100369,Quarter Mile*,Tier 3b,Results Partner,1/16/2023,5/31/2023,45.32,122.98,331.054,,OR,Y,N,Y,Y,N,Y,Y,N,Y,N,N,N,N,N,Y,5,,
100371,Laurel Leaf*,Tier 3b,Results Partner,5/5/2023,5/5/2023,45.34,123.05,327.803,,OR,Y,N,Y,Y,N,Y,Y,N,Y,N,N,N,N,N,Y,5,,
100372,Calkins Lane*,Tier 3b,Results Partner,5/5/2023,5/5/2023,45.34,123.05,326.292,,OR,Y,N,Y,Y,N,Y,Y,N,Y,N,N,N,N,N,Y,5,,
100373,Boulder Bluff*,Tier 3b,Results Partner,5/5/2023,5/5/2023,45.35,123.01,618.595,,OR,Y,N,Y,Y,N,Y,Y,N,Y,N,N,N,N,N,Y,5,,
100374,Vernier Vineyard Dundee*,Tier 3b,Results Partner,5/10/2023,5/10/2023,45.3,123.07,742.40485,,OR,Y,N,Y,Y,N,Y,Y,N,Y,N,N,N,N,N,Y,5,,
100375,Fairsing Vineyard*,Tier 3b,Results Partner,5/10/2023,5/10/2023,45.37,123.12,679.19446,,OR,Y,N,Y,Y,N,Y,Y,N,Y,N,N,N,N,N,Y,5,,
100376,Raptor Ridge Estate*,Tier 3b,Results Partner,5/10/2023,5/10/2023,45.38,122.95,358.6885,,OR,Y,N,Y,Y,N,Y,Y,N,Y,N,N,N,N,N,Y,5,,
100377,King Creek Vineyard*,Tier 3b,Results Partner,5/10/2023,5/10/2023,45.05,123.11,509.715,,OR,Y,N,Y,Y,N,Y,Y,N,Y,N,N,N,N,N,Y,5,,
100378,Willikia Vineyard*,Tier 3b,Results Partner,5/10/2023,5/10/2023,45.12,123.17,465.905,,OR,Y,N,Y,Y,N,Y,Y,N,Y,N,N,N,N,N,Y,5,,
100379,Ambar Vineyard*,Tier 3b,Results Partner,5/10/2023,5/10/2023,45.31,123.06,467.8512,,OR,Y,N,Y,Y,N,Y,Y,N,Y,N,N,N,N,N,Y,5,,
100380,Seabreeze Vineyard*,Tier 3b,Results Partner,5/10/2023,5/10/2023,45.03,123.28,198.70197,,OR,Y,N,Y,Y,N,Y,Y,N,Y,N,N,N,N,N,Y,5,,
100381,Windfall Vineyard*,Tier 3b,Results Partner,5/10/2023,5/10/2023,45.04,123.17,431.726,,OR,Y,N,Y,Y,N,Y,Y,N,Y,N,N,N,N,N,Y,5,,
100382,Two Mules Vineyard*,Tier 3b,Results Partner,5/10/2023,5/10/2023,45.38,123.12,498.30963,,OR,Y,N,Y,Y,N,Y,Y,N,Y,N,N,N,N,N,Y,5,,
100383,TerraFe Vineyard*,Tier 3b,Results Partner,5/10/2023,5/10/2023,44.95,123.12,824.9277,,OR,Y,N,Y,Y,N,Y,Y,N,Y,N,N,N,N,N,Y,5,,
100384,Roserock Vineyard*,Tier 3b,Results Partner,5/10/2023,5/10/2023,44.98,123.12,643.384,,OR,Y,N,Y,Y,N,Y,Y,N,Y,N,N,N,N,N,Y,5,,
100385,Methven Vineyard*,Tier 3b,Results Partner,5/10/2023,5/10/2023,45.14,123.13,266.5442,,OR,Y,N,Y,Y,N,Y,Y,N,Y,N,N,N,N,N,Y,5,,
100386,Hidden Pond Vineyard*,Tier 3b,Results Partner,5/10/2023,5/10/2023,45.41,123.19,467.12732,,OR,Y,N,Y,Y,N,Y,Y,N,Y,N,N,N,N,N,Y,5,,
100387,Archery Summit - Renegade*,Tier 3b,Results Partner,5/10/2023,5/10/2023,45.26,123.04,363.2306,,OR,Y,N,Y,Y,N,Y,Y,N,Y,N,N,N,N,N,Y,5,,
100388,Archery Summit - Red Hills*,Tier 3b,Results Partner,5/10/2023,5/10/2023,45.29,123.03,544.866,,OR,Y,N,Y,Y,N,Y,Y,N,Y,N,N,N,N,N,Y,5,,
100389,Pomeroy,Tier 1,WSU AgWeatherNet,5/17/2023,5/17/2023,46.59,117.64,1742,Garfield,WA,Y,Y,Y,Y,Y,Y,N,N,Y,Y,Y,N,Y,Y,N,3,Oliphant-Spofford Silt Loams,"Sand: 20%, Silt: 58%, Clay: 22%"
100391,Washtucna,Tier 1,WSU AgWeatherNet,5/24/2023,5/24/2023,46.74,118.23,1050,Adams,WA,Y,Y,Y,Y,Y,Y,N,N,Y,Y,Y,N,Y,Y,N,3,Stratford Cobbly Silt Loam,"Sand: 43%, Silt: 49%, Clay: 8%"
100392,Kahlotus,Tier 1,WSU AgWeatherNet,5/24/2023,5/24/2023,46.62,118.59,1506,Franklin,WA,Y,Y,Y,Y,Y,Y,N,N,Y,Y,Y,N,Y,Y,N,3,Ritzville Silt Loam,"Sand: 29%, Silt: 61%, Clay: 10%"
100393,Mossyrock,Tier 1,WSU AgWeatherNet,7/14/2023,7/14/2023,46.52,122.47,684,Lewis,WA,Y,Y,Y,Y,Y,Y,N,N,Y,Y,Y,N,Y,Y,N,1,Cinebar Silt Loam,"Sand: 22%, Silt: 54%, Clay: 24%"
100394,Cusick,Tier 1,WSU AgWeatherNet,8/9/2023,8/9/2023,48.36,117.32,2050,Pend Oreille,WA,Y,Y,Y,Y,Y,Y,N,N,Y,Y,Y,N,Y,Y,N,3,Cusick Silty Clay Loam,"Sand: 12%, Silt: 34%, Clay: 54%"
100395,Plain,Tier 1,Mesonet,8/16/2023,8/16/2023,47.77,120.66,1868,Chelan,WA,Y,Y,Y,Y,Y,Y,N,N,Y,Y,Y,N,Y,Y,N,2,Goddard Fine Sandy Loam,"Sand: 77%, Silt: 21%, Clay: 2%"
100396,North Bend,Tier 1,WSU AgWeatherNet,9/14/2023,9/14/2023,47.45,121.66,1556,King,WA,Y,Y,Y,Y,Y,Y,N,N,Y,Y,Y,N,Y,Y,N,1,Sand,"Sand: 92%, Silt: 7%, Clay: 1%"
100397,Northport,Tier 1,WSU AgWeatherNet,9/21/2023,9/21/2023,48.93,117.74,1529,Stevens,WA,Y,Y,Y,Y,Y,Y,N,N,Y,Y,Y,N,Y,Y,N,3,Hagen Sandy Loam,"Sand: 59%, Silt: 35%, Clay: 6%"
100398,Davenport,Tier 1,WSU AgWeatherNet,10/4/2023,10/4/2023,47.66,118.12,2490,Lincoln,WA,Y,Y,Y,Y,Y,Y,N,N,Y,Y,Y,N,Y,Y,N,3,Broadax Silt Loam,"Sand: 20%, Silt: 61%, Clay: 19%"
100399,Oroville,Tier 1,WSU AgWeatherNet,10/12/2023,10/12/2023,48.85,119.4,997,Okanogan,WA,Y,Y,Y,Y,Y,Y,N,N,Y,Y,Y,N,Y,Y,N,2,Cashmere Fine Sandy Loam,"Sand: 67%, Silt: 22%, Clay: 11%"
100400,Okanogan,Tier 1,WSU AgWeatherNet,10/13/2023,10/13/2023,48.36,119.61,1046,Okanogan,WA,Y,Y,Y,Y,Y,Y,N,N,Y,Y,Y,N,Y,Y,N,2,Ewall Loamy Fine Sand,"Sand: 65%, Silt: 26%, Clay: 9%"
100401,Chimacum,Tier 1,WSU AgWeatherNet,10/26/2023,10/26/2023,48.01,122.77,120,Jefferson,WA,Y,Y,Y,Y,Y,Y,N,N,Y,Y,Y,N,Y,Y,N,1,Tisch Silt Loam,"Sand: 55%, Silt: 27%, Clay: 18%"
100402,Paterson,Tier 1,WSU AgWeatherNet,11/1/2023,11/1/2023,45.95,119.49,387,Benton,WA,Y,Y,Y,Y,Y,Y,N,N,Y,Y,Y,N,Y,Y,N,3,Quincy Loamy Sand,"Sand: 71%, Silt: 22%, Clay: 7%"
100404,C116,Tier 2,Washington Cattle Feeders Assocation,3/8/2024,3/8/2024,45.99,119.14,1004,Benton,WA,Y,N,Y,Y,N,Y,Y,N,Y,Y,Y,N,Y,Y,Y,4,,
100405,North Bench*,Tier 3b,Apple Creek Propagators,1/1/2024,3/1/2024,48.77,116.3,0,ID,ID,Y,N,Y,Y,N,Y,Y,N,N,N,N,N,N,N,Y,,,
100406,dyto*,Tier 0,USBR AgriMet,2/21/2024,3/26/2024,45.21,123.1,47,,OR,N,N,N,N,N,N,N,N,N,N,N,N,N,N,N,5,,
100407,egpo*,Tier 0,USBR AgriMet,3/13/2024,3/26/2024,42.49,122.75,1492,,OR,N,N,N,N,N,N,N,N,N,N,N,N,N,N,N,5,,
100408,cvjo*,Tier 0,USBR AgriMet,3/13/2024,3/26/2024,42.17,123.63,1384,,OR,N,N,N,N,N,N,N,N,N,N,N,N,N,N,N,5,,
100409,CATO*,Tier 0,USBR AgriMet,12/28/2023,3/26/2024,42.66,119.11,4553,,OR,N,N,N,N,N,N,N,N,N,N,N,N,N,N,N,5,,
100410,jnvo*,Tier 0,USBR AgriMet,12/27/2023,3/26/2024,42.97,117.12,4350,,OR,N,N,N,N,N,N,N,N,N,N,N,N,N,N,N,5,,
100415,Buttercreek*,Tier 3,AgriNorthWest,1/1/2024,1/1/2024,45.68,119.34,797,Umatilla,OR,Y,N,Y,Y,N,Y,Y,N,Y,N,N,N,N,N,Y,1,,
100416,McNary East*,Tier 3,AgriNorthWest,1/1/2024,1/1/2024,45.96,119.16,836,WA,WA,Y,N,Y,Y,N,Y,Y,N,Y,N,N,N,N,N,Y,1,,
100418,Clyde,Tier 1,Mesonet,5/16/2024,5/16/2024,46.44,118.39,1386,Walla Walla,WA,Y,Y,Y,Y,Y,Y,N,N,Y,Y,Y,N,Y,Y,N,3,,
100419,Sunnyside,Tier 1,Mesonet,1/1/1994,1/1/1994,46.27,120.02,683,Yakima,WA,Y,Y,Y,Y,Y,Y,N,N,Y,Y,Y,N,Y,Y,N,3,Quincy Loamy Fine Sand,"Sand: 77%, Silt: 15%, Clay: 8%"
100420,Puyallup,Tier 1,Mesonet,6/12/2024,6/12/2024,47.19,122.33,68,Pierce,WA,Y,Y,Y,Y,Y,Y,N,N,Y,Y,Y,N,Y,Y,N,1,Kitsap Silt Loam,"Sand: 29%, Silt: 42%, Clay: 29%"
100421,Shelton,Tier 1,Mesonet,6/27/2024,6/27/2024,47.26,123,194,Mason,WA,Y,Y,Y,Y,Y,Y,N,N,Y,Y,Y,N,Y,Y,N,1,Alderwood Gravelly Sandy Loam,"Sand: 66%, Silt: 24%, Clay: 10%"
110023,Canoe.Rdg,Tier 1,WSU AgWeatherNet,2/21/2008,2/22/2008,45.88,119.76,903,Benton,WA,Y,Y,Y,Y,N,Y,Y,Y,Y,N,Y,N,N,N,N,4,"Quincy Loamy Sand, Moderately Shallow",
300021,Ringold,Tier 1,WSU AgWeatherNet,9/18/2007,1/1/2009,46.48,119.18,875,Franklin,WA,Y,Y,Y,Y,N,Y,Y,Y,Y,N,Y,N,N,N,N,4,"Sagehill Very Fine Sandy Loam, Cemented Substratum",
300023,Smith.Cyn,Tier 1,WSU AgWeatherNet,3/20/2008,3/20/2008,46.28,118.99,514,Franklin,WA,Y,Y,Y,Y,N,Y,Y,Y,Y,N,Y,N,N,N,N,4,Sagemoor Very Fine Sandy Loam,
300026,Paterson.W,Tier 1,WSU AgWeatherNet,3/31/2008,3/31/2008,45.94,119.66,591,Benton,WA,Y,Y,Y,Y,N,Y,Y,Y,Y,N,Y,N,N,N,N,4,Burbank Loamy Fine Sand,
300030,Ritzville,Tier 1,WSU AgWeatherNet,1/30/2008,1/30/2008,47.14,118.47,1815,Adams,WA,Y,Y,Y,Y,N,Y,Y,Y,Y,N,Y,N,N,N,N,3,Ritzville Silt Loam,
300031,Alder Ridge,Tier 1,WSU AgWeatherNet,2/19/2016,2/19/2016,45.85,119.89,690,Benton,WA,Y,Y,Y,Y,N,Y,Y,Y,Y,Y,Y,Y,N,N,Y,4,Kiona-Rock Outcrop Complex,
300032,Anatone,Tier 1,WSU AgWeatherNet,2/13/2008,2/13/2008,46.2,117.11,3101,Asotin,WA,Y,Y,Y,Y,N,Y,Y,Y,Y,N,Y,N,N,N,N,3,Neconda Silt Loam,
300034,Huntsville,Tier 1,WSU AgWeatherNet,4/21/2009,4/21/2009,46.31,118.12,1941,Columbia,WA,Y,Y,Y,Y,N,Y,Y,Y,Y,N,Y,N,N,N,N,3,Walla Walla Silt Loam,
300038,Wallula.S,Tier 1,WSU AgWeatherNet,10/30/2008,10/30/2008,46.08,118.91,383,Walla Walla,WA,Y,Y,Y,Y,N,Y,Y,Y,Y,N,Y,N,N,N,N,4,Quincy Fine Sand,
300045,Roza.2,Tier 2,WSU AgWeatherNet,4/25/1989,4/25/1989,46.29,119.73,1155,Benton,WA,Y,N,Y,Y,N,Y,Y,Y,Y,N,Y,N,N,Y,Y,4,Shano Silt Loam,
300047,Mesa,Tier 1,WSU AgWeatherNet,3/27/2008,3/27/2008,46.53,119,765,Franklin,WA,Y,Y,Y,Y,Y,Y,N,N,Y,Y,Y,N,Y,Y,N,4,Prosser-Starbuck-Rock Outcrop Complex,"Sand: 38%, Silt: 55%, Clay: 7%"
300048,Green Bluff,Tier 1,WSU AgWeatherNet,5/29/2009,5/29/2009,47.81,117.3,2385,Spokane,WA,Y,Y,Y,Y,N,Y,Y,Y,Y,N,Y,N,N,N,N,3,Green Bluff Ashy Silt Loam,
300068,Chukar,Tier 1,WSU AgWeatherNet,11/2/2023,4/2/2009,45.97,119.08,935,Benton,WA,Y,Y,Y,Y,Y,Y,N,N,Y,Y,Y,N,Y,Y,N,4,Shano Very Fine Sandy Loam,"Sand: 48%, Silt: 44%, Clay: 8%"
300070,Welland,Tier 1,WSU AgWeatherNet,7/7/1992,1/1/2006,46.22,118.73,956,Walla Walla,WA,Y,Y,Y,Y,N,Y,Y,Y,Y,N,Y,N,N,N,N,4,Adkins Loamy Fine Sand,
300079,Juniper,Tier 1,WSU AgWeatherNet,7/18/2008,7/19/2008,46.38,119.01,695,Franklin,WA,Y,Y,Y,Y,N,Y,Y,Y,Y,N,Y,N,N,N,N,4,Quincy-Hezel Complex,
300093,Grandview,Tier 1,This station was made possible through the generous financial support provided by the Washington State Concord Grape Research Council.,8/30/2012,8/30/2012,46.27,119.85,972,Benton,WA,Y,Y,Y,Y,N,Y,Y,Y,Y,Y,Y,N,N,N,Y,4,Warden Very Fine Sandy Loam,
300117,McClure,Tier 2,WSU AgWeatherNet,4/26/1989,1/1/2007,46.38,119.72,2446,Benton,WA,Y,N,Y,Y,N,Y,Y,N,Y,N,Y,N,N,Y,Y,4,Lickskillet very stony silt loam,
300118,McWhorter,Tier 1,WSU AgWeatherNet,4/25/1989,1/1/2000,46.32,119.62,1401,Benton,WA,Y,Y,Y,Y,N,Y,Y,Y,Y,N,Y,N,N,N,N,4,Ritzville Silt Loam,
300132,Hatton,Tier 1,WSU AgWeatherNet,3/7/2008,3/8/2008,46.79,118.86,1290,Adams,WA,Y,Y,Y,Y,N,Y,Y,Y,Y,N,Y,N,N,N,N,3,Shano Silt Loam,
300133,College Place,Tier 1,WSU AgWeatherNet,4/28/1992,1/1/2007,46.03,118.4,738,Walla Walla,WA,Y,Y,Y,Y,N,Y,Y,Y,Y,N,Y,N,N,N,N,4,Stanfield Very Fine Sandy Loam,
300201,LaCrosse,Tier 1,This station was made possible through the generous financial support provided by the Washington Grain Commission.,3/13/2013,3/13/2013,46.86,117.85,1485,Whitman,WA,Y,Y,Y,Y,N,Y,Y,Y,Y,Y,Y,Y,N,N,Y,3,Chard Silt Loam,
300202,Harrington,Tier 1,This station was made possible through the generous financial support provided by the Washington Grain Commission.,4/18/2013,4/18/2013,47.39,118.29,2170,Lincoln,WA,Y,Y,Y,Y,N,Y,Y,Y,Y,Y,Y,Y,N,N,Y,3,Willis Silt Loam,
300205,Hartline,Tier 1,WSU AgWeatherNet,7/29/2021,10/10/2013,47.64,119.15,1840,Grant,WA,Y,Y,Y,Y,N,Y,N,N,Y,Y,Y,N,Y,Y,N,3,Willis Silt Loam,"Sand: 69%, Silt: 24%, Clay: 7%"
300207,Stevenson,Tier 1,WSU AgWeatherNet,11/26/2013,11/26/2013,45.68,121.9,100,Skamania,WA,Y,Y,Y,Y,N,Y,Y,Y,Y,Y,Y,Y,N,N,Y,1,Arents,
300208,Dayton,Tier 1,WSU AgWeatherNet,4/27/2022,1/16/2014,46.38,117.87,2295,Columbia,WA,Y,Y,Y,Y,Y,Y,N,N,Y,Y,Y,N,Y,Y,N,4,Athena Silt Loam,"Sand:16%, Silt:66%, Clay:18%"
300209,Granger,Tier 1,This station was made possible through the generous financial support provided by Monson Fruit Company.,3/18/2021,3/18/2021,46.38,120.18,853,Yakima,WA,Y,Y,Y,Y,N,Y,Y,Y,Y,Y,Y,Y,N,N,Y,4,,
300212,Vantage,Tier 1,This station was made possible through the generous financial support provided by Auvil Fruit Company.,11/4/2014,11/4/2014,46.82,119.94,530,Kittitas,WA,Y,Y,Y,Y,N,Y,Y,Y,Y,Y,Y,Y,N,N,Y,4,Semal Complex,
300213,Grayland,Tier 1,WSDA; Pacific Coast Cranberry Research Foundation; and Grayland Cranberry Growers Association,11/19/2014,11/20/2014,46.79,124.08,21,Grays Harbor,WA,Y,Y,Y,Y,N,Y,Y,Y,Y,Y,Y,Y,N,N,Y,1,Westport Fine Sand,
300214,Langley,Tier 1,This station is made possible through the generous financial support provided by multiple community partners The Lighthouse Environmental Programs; Puget Sound Energy; Island County Public Works; and Washington State University Extension-Island County.  The location of the station is dedicated by the John and Mollie Petersons family in honor of Mollies father; Robert King Fankhauser; a meteorologist.,12/17/2014,12/17/2014,48,122.43,166,Island,WA,Y,Y,Y,Y,N,Y,Y,Y,Y,Y,Y,Y,N,N,Y,1,Uselessbay-Utsalady Complex,
300218,Azwell,Tier 1,Zirkle Fruit Company,4/1/2015,4/2/2015,47.93,119.88,810,Okanogan,WA,Y,Y,Y,Y,N,Y,Y,Y,Y,Y,Y,Y,N,N,Y,2,,
300219,Addy,Tier 1,WSU AgWeatherNet,9/29/2022,4/23/2015,48.32,117.83,1707,Stevens,WA,Y,Y,Y,Y,Y,Y,N,N,Y,Y,Y,N,Y,Y,N,3,Koerling Fine Sandy Loam,"Sand:44%, Silt:44%, Clay:12%"
300222,Prescott.N,Tier 1,This station was made possible through the generous financial support provided by Northwest Grain Growers.,9/26/2015,8/26/2015,46.34,118.32,1926,Walla Walla,WA,Y,Y,Y,Y,N,Y,Y,Y,Y,Y,Y,Y,N,N,Y,4,Walla Walla Silt Loam,
300253,Red.Mtn.N,Tier 1,WSU AgWeatherNet,9/30/2015,10/1/2015,46.3,119.44,1145,Benton,WA,Y,Y,Y,Y,N,Y,Y,Y,Y,Y,Y,Y,N,N,Y,4,Kiona Very Stony Silt Loam,
300254,Red.Mtn.S,Tier 1,WSU AgWeatherNet,3/16/2016,3/16/2016,46.28,119.42,750,Benton,WA,Y,Y,Y,Y,N,Y,Y,Y,Y,Y,Y,Y,N,N,Y,4,Kiona Very Stony Silt Loam,
309001,Curlew,Tier 2,,8/18/2020,6/14/2017,48.86,118.61,1879,Ferry,WA,Y,N,Y,Y,N,Y,Y,Y,Y,N,Y,N,N,Y,Y,2,Mires loam,
310022,Montesano,Tier 1,WSU AgWeatherNet,7/13/2022,7/18/2008,46.98,123.5,24,Grays Harbor,WA,Y,Y,Y,Y,Y,Y,N,N,Y,Y,Y,N,Y,Y,N,1,Chehalis Silt Loam,"Sand: 38%, Silt: 37%, Clay: 25%"
310023,Roosevelt,Tier 1,WSU AgWeatherNet,10/27/2022,2/8/2008,45.74,120.24,400,Klickitat,WA,Y,Y,Y,Y,Y,Y,N,N,Y,Y,Y,N,Y,Y,N,4,Lickskillet-Mikkalo Complex,"Sand: 39%, Silt: 53%, Clay: 8%"
310025,Maryhill,Tier 1,WSU AgWeatherNet,2/27/2008,2/27/2008,45.67,120.87,680,Klickitat,WA,Y,Y,Y,Y,N,Y,Y,Y,Y,N,Y,N,N,N,N,1,Quincy Fine Sand,
310027,Konnowac,Tier 1,WSU AgWeatherNet,3/26/2008,3/26/2008,46.47,120.38,868,Yakima,WA,Y,Y,Y,Y,N,Y,Y,Y,Y,N,Y,N,N,N,N,4,Esquatzel Silt Loam,
310029,Husum,Tier 1,Mt. Adams Orchards,6/10/2015,6/11/2015,45.86,121.49,1324,Klickitat,WA,Y,Y,Y,Y,N,Y,Y,Y,Y,Y,Y,Y,N,N,Y,1,Chemawa Ashy Loam,
310031,Toppenish,Tier 1,,10/14/2021,11/14/2008,46.37,120.39,783,Yakima,WA,Y,Y,Y,Y,Y,Y,N,N,Y,Y,Y,N,Y,Y,N,4,Naches Loam,"Sand: 41%, Silt: 35%, Clay: 24%"
310032,Underwood,Tier 1,WSU AgWeatherNet,11/26/2008,11/26/2008,45.74,121.56,1300,Skamania,WA,Y,Y,Y,Y,N,Y,Y,Y,Y,N,Y,N,N,N,N,1,Chemawa Loam,
310077,McKinley,Tier 1,WSU AgWeatherNet,7/23/2002,1/1/2008,46.01,119.92,1081,Klickitat,WA,Y,Y,Y,Y,N,Y,Y,Y,Y,N,Y,N,N,N,N,4,Mikkalo Silt Loam,
310107,Alderdale,Tier 1,WSU AgWeatherNet,1/12/2005,1/1/2008,45.89,119.89,614,Klickitat,WA,Y,Y,Y,Y,N,Y,Y,Y,Y,N,Y,N,N,N,N,4,Sagehill Fine Sandy Loam,
310112,Ahtanum,Tier 1,WSU AgWeatherNet,4/10/1998,6/10/2008,46.55,120.71,1658,Yakima,WA,Y,Y,Y,Y,N,Y,Y,Y,Y,N,Y,N,N,N,N,4,Gorst Loam,
310121,Snipes.Mtn,Tier 2,Washington State Wine Commission,3/27/2014,3/27/2014,46.31,120.07,1212,Yakima,WA,Y,N,Y,Y,N,Y,Y,Y,Y,N,Y,N,N,Y,Y,4,Harwood-Burke-Wiehl Silt Loams,
310126,Naches,Tier 1,WSU AgWeatherNet,5/27/2005,4/16/2008,46.7,120.66,1369,Yakima,WA,Y,Y,Y,Y,N,Y,Y,Y,Y,N,Y,N,N,N,Y,4,Track Loam,
310132,Parker,Tier 1,WSU AgWeatherNet,3/28/1989,1/1/2008,46.52,120.48,943,Yakima,WA,Y,Y,Y,Y,N,Y,Y,Y,Y,N,Y,N,N,N,N,4,Weirman Silt Loam,
310135,Outlook,Tier 2,WSU AgWeatherNet,3/30/1998,1/1/2007,46.42,120.13,1296,Yakima,WA,Y,N,Y,Y,N,Y,Y,Y,Y,N,Y,N,N,Y,Y,4,Moxee silt loam,
310136,Sunnyside.N,Tier 1,WSU AgWeatherNet,1/8/1989,1/1/1989,46.39,120,1081,Yakima,WA,Y,Y,Y,Y,N,Y,Y,Y,Y,Y,Y,N,N,N,N,4,Scoon Silt Loam,
310137,Cowiche,Tier 1,WSU AgWeatherNet,3/28/1989,1/1/2009,46.66,120.7,1630,Yakima,WA,Y,Y,Y,Y,N,Y,Y,Y,Y,N,Y,N,N,N,N,4,Gorst Cobbly Loam,
310139,Sunnyside.NE,Tier 1,WSU AgWeatherNet,2/17/2016,2/18/2016,46.36,119.91,1109,Yakima,WA,Y,Y,Y,Y,N,Y,Y,Y,Y,Y,Y,Y,N,N,Y,4,Scoon Silt Loam,
310142,Pomona,Tier 1,WSU AgWeatherNet,3/28/1989,11/1/2008,46.69,120.47,1247,Yakima,WA,Y,Y,Y,Y,N,Y,Y,Y,Y,N,Y,N,N,N,N,4,Willis Silt Loam,
310143,Moxee.SE,Tier 1,WSU AgWeatherNet,9/6/1989,4/1/2008,46.54,120.35,1122,Yakima,WA,Y,Y,Y,Y,N,Y,Y,Y,Y,N,Y,N,N,N,Y,4,Umapine Silt Loam,
320098,Royal City.W,Tier 1,WSU AgWeatherNet,12/4/2008,12/4/2008,46.97,119.83,1529,Grant,WA,Y,Y,Y,Y,N,Y,Y,Y,Y,Y,Y,N,N,N,N,2,Taunton Fine Sandy Loam,
330022,Radar.Hill,Tier 2,WSU AgWeatherNet,9/1/2020,1/1/2008,46.72,119.24,1081,Grant,WA,Y,N,Y,Y,N,Y,Y,Y,Y,N,Y,N,N,Y,Y,2,Quincy loamy fine sand,
330023,Frenchman,Tier 1,WSU AgWeatherNet,5/30/2008,5/30/2008,47.02,119.87,1256,Grant,WA,Y,Y,Y,Y,N,Y,Y,Y,Y,N,Y,N,N,N,N,2,Scoon Silt Loam,
330024,Lawrence,Tier 2,WSU AgWeatherNet,4/28/2008,4/28/2008,48.88,122.32,148,Whatcom,WA,Y,N,Y,Y,N,Y,Y,N,Y,Y,Y,N,Y,Y,Y,2,Mt. Vernon Fine Sandy Loam,"Sand: 64%, Silt: 27%, Clay: 9%"
330026,Woodinville,Tier 2,WSU AgWeatherNet,7/23/2008,7/23/2008,47.75,122.15,47,King,WA,Y,N,Y,Y,N,Y,Y,N,Y,Y,Y,N,Y,Y,Y,1,Earlmont Silt Loam,
330027,Wheeler,Tier 1,WSU AgWeatherNet,5/19/2008,5/19/2008,47.14,119.07,1450,Grant,WA,Y,Y,Y,Y,N,Y,Y,Y,Y,N,Y,N,N,N,N,3,Shano Silt Loam,
330028,Mae,Tier 1,WSU AgWeatherNet,5/28/2008,5/28/2008,47.07,119.49,1220,Grant,WA,Y,Y,Y,Y,N,Y,Y,Y,Y,N,Y,N,N,N,N,2,Quincy Fine Sand,
330029,Davenport (Wilke Farm),Tier 1,WSU AgWeatherNet,7/11/2008,7/11/2008,47.66,118.13,2468,Lincoln,WA,Y,Y,Y,Y,N,Y,Y,Y,Y,N,Y,N,N,N,N,3,Brodax Silt Loam,
330033,George,Tier 1,WSU AgWeatherNet,12/16/2008,12/17/2008,47.09,119.99,1399,Grant,WA,Y,Y,Y,Y,N,Y,Y,Y,Y,Y,Y,Y,N,N,Y,2,Starbuck-Prosser Complex,
330035,Chelan,Tier 1,WSU AgWeatherNet,6/16/2021,10/16/2008,47.84,120.09,1255,Chelan,WA,Y,Y,Y,Y,Y,Y,N,N,Y,Y,Y,N,Y,Y,N,2,"Chelan Gravelly Sandy Loam, Pumiceous","Sand: 52%, Silt: 37%, Clay: 11%"
330036,Thorp,Tier 1,WSU AgWeatherNet,9/16/2022,10/15/2008,47.08,120.69,1770,Kittitas,WA,Y,Y,Y,Y,Y,Y,N,N,Y,Y,Y,N,Y,Y,N,4,Mendian Very Fine Sandy Loam,"Sand:50%, Silt:35%, Clay:15%"
330037,Boyd.Dist,Tier 1,WSU AgWeatherNet,10/16/2008,10/16/2008,47.89,120.07,2000,Chelan,WA,Y,Y,Y,Y,N,Y,Y,Y,Y,N,Y,N,N,N,N,2,"Chelan Gravelly Sandy Loam, Pumiceous",
330039,Smith Farm*,Tier 3,,5/25/2021,11/6/2008,48.09,123.06,100,Clallam,WA,Y,N,Y,Y,N,Y,Y,N,Y,N,Y,N,N,Y,Y,5,Clallam Gravelly Sandy Loam,
330040,Ephrata,Tier 1,WSU AgWeatherNet,7/14/2021,5/16/2008,47.18,119.64,1224,Grant,WA,Y,Y,Y,Y,Y,Y,N,N,Y,Y,Y,N,Y,Y,N,2,Quincy Loamy Fine Sand,"Sand:69%, Silt:24%, Clay:7%"
330041,Royal City East*,Tier 3,Washington Fruit,2/7/2008,2/7/2008,46.92,119.51,1120,Grant,WA,Y,N,Y,Y,N,Y,Y,Y,Y,N,N,N,N,N,Y,2,Kennewick Silt Loam,
330042,Warden.SW,Tier 2,WSU AgWeatherNet,3/21/2008,3/21/2008,46.93,119.12,1240,Grant,WA,Y,N,Y,Y,N,Y,Y,Y,Y,N,Y,N,N,Y,Y,3,Shano Silt Loam,
330043,Broadview,Tier 2,WSU AgWeatherNet,4/19/2021,9/29/2008,46.97,120.5,1492,Kittitas,WA,Y,N,Y,Y,N,Y,Y,Y,Y,N,Y,N,N,Y,Y,4,Manastash loam,
330046,Waterville,Tier 1,WSU AgWeatherNet,4/13/2016,4/14/2016,47.72,120.07,3102,Douglas,WA,Y,Y,Y,Y,N,Y,Y,Y,Y,Y,Y,Y,N,N,Y,2,Jordy-Argabak Complex,
330047,Mansfield,Tier 1,WSU AgWeatherNet,4/27/2016,4/27/2016,47.92,119.78,2770,Douglas,WA,Y,Y,Y,Y,N,Y,Y,Y,Y,Y,Y,Y,N,N,Y,2,Siweeka-Brazlan Complex,
330061,Nooksack,Tier 1,WSU AgWeatherNet,5/14/2002,1/1/2008,48.97,122.31,82,Whatcom,WA,Y,Y,Y,Y,N,Y,Y,Y,Y,N,Y,N,N,N,N,2,Mt. Vernon Fine Sandy Loam,
330073,Quincy,Tier 2,,9/24/2020,1/8/1989,47.23,119.96,1486,Grant,WA,Y,N,Y,Y,N,Y,Y,Y,Y,N,Y,N,N,Y,Y,2,Shano silt loam,
330078,Orondo,Tier 1,WSU AgWeatherNet,8/11/2008,9/3/2008,47.57,120.25,890,Douglas,WA,Y,Y,Y,Y,N,Y,Y,Y,Y,N,Y,N,N,N,N,2,Cashmont Gravelly Sandy Loam,
330092,Seattle,Tier 1,WSU AgWeatherNet,12/16/2011,12/16/2011,47.66,122.29,30,King,WA,Y,Y,Y,Y,Y,Y,N,N,Y,Y,Y,N,Y,Y,N,1,Alderwood-Everett Complex,"Sand: 72%, Silt: 22%, Clay: 6%"
330099,Royal Slope,Tier 1,WSU AgWeatherNet,3/15/2009,3/15/2009,46.95,119.32,1350,Grant,WA,Y,Y,Y,Y,N,Y,Y,Y,Y,N,Y,N,N,N,N,2,Adkins Very Fine Sandy Loam,
330104,Pogue.Flat,Tier 2,WSU AgWeatherNet,12/16/2004,1/1/2008,48.44,119.53,1263,Okanogan,WA,Y,N,Y,Y,N,Y,Y,Y,Y,N,Y,N,N,Y,Y,2,Pogue fine sandy loam,
330115,Sunrise,Tier 1,WSU AgWeatherNet,10/6/2020,8/11/2008,47.31,120.07,875,Douglas,WA,Y,Y,Y,Y,Y,Y,N,N,Y,Y,Y,N,Y,Y,N,2,Pogue Extremely Stony Fine Sandy Loam,"Sand:  51%, Silt:44%, Clay:5%"
330125,Fairfield,Tier 1,WSU AgWeatherNet,6/3/2008,6/3/2008,47.42,117.26,2470,Spokane,WA,Y,Y,Y,Y,N,Y,Y,Y,Y,N,Y,N,N,N,N,3,Rockly-Fourmound Complex,
330127,Moses.Lake,Tier 2,WSU AgWeatherNet,8/13/2020,5/23/2008,47,119.24,1115,Grant,WA,Y,N,Y,Y,N,Y,Y,Y,Y,N,Y,N,N,Y,Y,2,Quincy loamy fine sand,
330141,Wenatchee,Tier 2,WSU AgWeatherNet,8/16/2022,10/6/1993,47.44,120.35,815,Chelan,WA,Y,N,Y,Y,N,Y,Y,Y,Y,N,Y,N,N,Y,Y,2,Burch Loam,
330150,Almira,Tier 2,WSU AgWeatherNet,6/10/2008,6/17/2008,47.87,118.89,2650,Lincoln,WA,Y,N,Y,Y,N,Y,Y,Y,Y,N,Y,N,N,Y,Y,3,Bagdad silt loam,
330157,Tonasket.S,Tier 2,WSU AgWeatherNet,7/21/2020,1/1/2009,48.68,119.46,1169,Okanogan,Wa,Y,N,Y,Y,N,Y,Y,Y,Y,N,Y,N,N,Y,Y,2,Pogue Gravelly Fine Sandy Loam,
330158,Loomis.Val,Tier 2,,4/28/2020,1/1/2008,48.81,119.51,1376.6,Okanogan,WA,Y,N,Y,Y,N,Y,Y,Y,Y,N,Y,N,N,Y,Y,2,Pogue gravelly fine sandy loam,
330159,Sakuma*,Tier 3,Sakuma Brothers,11/5/2020,12/1/2006,48.5,122.38,28,Skagit,WA,Y,N,Y,Y,N,Y,Y,N,Y,N,N,N,N,N,Y,5,Skagit Silt Loam,
330162,Snohomish,Tier 1,WSU AgWeatherNet,6/19/2006,12/1/2007,47.9,122.11,0,Snohomish,WA,Y,Y,Y,Y,N,Y,Y,Y,Y,N,Y,N,N,N,N,1,Puget Silty Clay Loam,
330164,Coupeville,Tier 1,WSU AgWeatherNet,6/30/2006,1/1/2008,48.2,122.69,79,Island,WA,Y,Y,Y,Y,N,Y,Y,N,Y,N,Y,N,N,N,N,1,Ebeys-Coupeville Complex,
330166,Wenatchee.E,Tier 2,WSU AgWeatherNet,11/9/2006,1/1/2008,47.4,120.2,1260,Douglas,WA,Y,N,Y,Y,N,Y,Y,Y,Y,N,Y,N,N,Y,Y,2,Magallon Fine Sandy Loam,
330167,Malaga,Tier 2,WSU AgWeatherNet,5/13/2020,1/1/2008,47.36,120.24,1023.62,Chelan,WA,Y,N,Y,Y,N,Y,Y,Y,Y,N,Y,N,N,Y,Y,2,Colockum silt loam,
330168,Cashmere.N,Tier 2,WSU AgWeatherNet,10/8/2020,12/31/2006,47.51,120.43,874,Chelan,WA,Y,N,Y,Y,N,Y,Y,Y,Y,N,Y,N,N,Y,Y,2,Terrace escarpments,
330173,Malott,Tier 2,,7/22/2020,1/1/2008,48.3,119.68,1329,Okanogan,Wa,Y,N,Y,Y,N,Y,Y,Y,Y,N,Y,N,N,Y,Y,2,Ewall loamy fine sand,
330174,Brays Landing,Tier 1,WSU AgWeatherNet,10/26/2006,1/1/2007,47.75,120.16,1329,Douglas,WA,Y,Y,Y,Y,N,Y,Y,Y,Y,N,Y,N,N,N,N,2,Supplee Ashy Very Fine Sandy Loam,
331106,Arrowhead,Tier 1,WSU AgWeatherNet,4/11/2005,11/11/2011,48.06,119.55,1143,Okanogan,WA,Y,Y,Y,Y,N,Y,Y,Y,Y,Y,Y,Y,N,N,Y,2,Peshastin Stony Fine Sandy Loam,
344108,Long Beach,Tier 1,WSU AgWeatherNet,2/8/2005,1/1/2008,46.37,124.03,11,Pacific,WA,Y,Y,Y,Y,N,Y,Y,Y,Y,N,Y,Y,N,N,Y,1,Yaquina Loamy Fine Sand,
355001,Poulsbo.S,Tier 1,Kitsap Conservation District,2/26/2013,2/26/2013,47.66,122.65,121,Kitsap,WA,Y,Y,Y,Y,N,Y,Y,Y,Y,Y,Y,N,N,N,Y,1,Kapowsin Gravelly Ashy Loam,
360001,Chehalis,Tier 1,WSU AgWeatherNet,2/3/2016,2/2/2016,46.68,122.99,178,Lewis,WA,Y,Y,Y,Y,N,Y,Y,Y,Y,Y,Y,Y,N,N,Y,1,Reed Silty Clay Loam,
